"����",ȭ��Ǹ�,���������θ��ּ�,�����������ּ�,�������ȭ��ǿ���,������-�뺯���,������-�Һ����,������-����ο�뺯���,������-����ο�Һ����,������-��̿�뺯���,������-��̿�Һ����,������-�뺯���,������-����ο�뺯���,������-��̿�뺯���,���������,��ȭ��ȣ,����ð�,��ġ�⵵,����,�浵,�����ͱ�������
"����ȭ���",��Ű���б�,"�뱸������ ������ �ޱ������504�� 34, (���)",�뱸������ ������ ��� 100-5,N,65,140,2,1,0,0,3,1,0,��Ű���б�,053-760-0077,09:00~18:00,2018-04,35.8554457,128.6376616,2019-09-10
"����ȭ���",������б�,"�뱸������ ������ �ޱ������504�� 34, (���)",�뱸������ ������ ��� 100-5,N,47,83,1,1,0,0,6,1,0,������б�,053-760-0113,07:00~20:00,1992-11,35.8554457,128.6376616,2019-09-10
"����ȭ���",�뱸�浿�ʵ��б�,"�뱸������ ������ ûȣ��76�� 12, (���)",�뱸������ ������ ��� 89,N,43,70,6,10,0,0,73,1,0,�뱸�浿�ʵ��б�,053-232-2976,09:00~18:00,1983-01,35.8521724,128.6394420,2019-09-10
"����ȭ���",��ȭ���б�,"�뱸������ ������ ûȣ��84�� 123, (���)",�뱸������ ������ ��� ��105-1,N,36,64,2,2,0,0,83,2,0,��ȭ���б�,053-740-1876,09:00~18:00,2018-03,35.8502489,128.6411603,2019-09-10
"����ȭ���",��ȭ���ڰ���б�,"�뱸������ ������ ûȣ��84�� 123, (���)",�뱸������ ������ ��� ��105-1,N,85,79,3,2,0,0,97,2,0,��ȭ���ڰ���б�,053-740-1700,09:00~18:00,2018-04,35.8502489,128.6411603,2019-09-10
"����ȭ���",���������,"�뱸������ ������ �����19�� 11, (���, ���������)",�뱸������ ������ ��� 204-1(���������),N,1,3,0,0,0,0,1,0,0,���������,053-755-7441,09:00~18:00,1984-10,35.8576894,128.6351669,2019-09-10
"����ȭ���",�α�����,"�뱸������ ������ �ޱ������ 2500, (���)",�뱸������ ������ ��� 205-2,N,11,10,0,0,0,0,10,0,0,�α�����,053-767-0320,09:00~24:00,1992-11,35.85841543,128.6361238,2019-09-10
"����ȭ���",��ƺ���,"�뱸������ ������ �ޱ������ 2532, (���)",�뱸������ ������ ��� 212-1,N,29,29,0,0,0,0,19,0,0,��ƺ���,053-765-5200,09:00~18:00,1992-10,35.85841378,128.6398219,2019-09-10
"����ȭ���",���Ÿ��,"�뱸������ ������ �ޱ������ 2486, (���)",�뱸������ ������ ��� 198-2,N,13,13,2,0,0,0,20,1,0,���Ÿ��,053-741-8400,09:00~18:00,2018-10,35.85842411,128.6345035,2019-09-10
"����ȭ���",KB���غ���,"�뱸������ ������ �ޱ������ 2397, (���)",�뱸������ ������ ��� 41-3,N,70,83,1,0,0,0,89,1,0,KB���غ���,053-669-7200,09:00~18:00,2018-12,35.85964661,128.6248179,2019-09-10
"����ȭ���",�󵿰���Ʈ����,,�뱸������ ������ �� 667-42,N,1,1,0,0,0,0,1,0,0,�󵿰���Ʈ����,053-666-2183,09:00~18:00,2000-01,35.83098483,128.6072045,2019-09-10
"����ȭ���",�󵿹�õ������,"�뱸������ ������ ��õ���� 85, (��)",�뱸������ ������ �� 208,N,1,2,0,0,0,0,1,0,0,�󵿹�õ������,053-768-5100,06:00~24:00,1994-09,35.8326615,128.6071308,2019-09-10
"����ȭ���",��LPG������,"�뱸������ ������ ��õ���� 51, (��)",�뱸������ ������ �� 675-11,N,2,2,0,0,0,0,1,0,0,��LPG������,053-764-5050,24�ð�,2018-11,35.82943225,128.6077869,2019-09-10
"����ȭ���",����Ŭ�����Ϲ�ũ,"�뱸������ ������ ���з� 12, (��)",�뱸������ ������ �� 611-8,N,1,1,0,0,0,0,1,0,0,����Ŭ�����Ϲ�ũ,053-768-2600,24�ð�,1994-10,35.82884447,128.6098113,2019-09-10
"����ȭ���",�������б�,"�뱸������ ������ ûȣ�� 350, (���)",�뱸������ ������ ��� 336,N,8,15,0,0,0,0,38,0,0,�������б�,053-232-7200,09:00~18:00,1984-04,35.84942833,128.6394899,2019-09-10
"����ȭ���",��������,"�뱸������ ������ ������ 93, (��)",�뱸������ ������ �� 282-2,N,1,1,0,0,0,0,1,0,0,��������,053-767-5544,07:00~22:00,1992-08,35.83378563,128.6112106,2019-09-10
"����ȭ���",����������,"�뱸������ ������ ��õ���� 10, (��)",�뱸������ ������ �� 623-1,Y,1,1,0,0,0,0,0,0,0,����������,053-764-3030,05:00~24:00,1993-04,35.82601643,128.6094179,2019-09-10
"����ȭ���",�ﺸ������,"�뱸������ ������ ���з� 61, (��)",�뱸������ ������ �� 409-2,N,1,1,0,0,0,0,2,0,0,�ﺸ������,053-764-3551,06:00~23:30,1995-03,35.8300259,128.6153099,2019-09-10
"����ȭ���",�����ʵ��б�,"�뱸������ ������ ��ȭ��5�� 40, (��)",�뱸������ ������ �� 89-2,N,21,36,5,8,0,0,42,4,0,�����ʵ��б�,053-232-0707,08:30~16:30,1997-11,35.8368370,128.6102265,2019-09-10
"����ȭ���",��ȭ���б�,"�뱸������ ������ ��ȷ�9�� 36, (��)",�뱸������ ������ �� 328-1,N,37,47,4,0,0,0,50,4,0,��ȭ���б�,053-232-7835,07:30~18:00,1982-12,35.8326254,128.6149359,2019-09-10
"����ȭ���",�ѱ����������,"�뱸������ ������ û���� 66, (��)",�뱸������ ������ �� 6-12,N,12,18,0,0,0,0,6,0,0,�ѱ����������,053-766-9001,07:00~18:00,1996-03,35.84014577,128.6153663,2019-09-10
"����ȭ���",�����ʵ��б�,"�뱸������ ������ ������ 311, (������1��)",�뱸������ ������ ������1�� 282,N,33,80,3,0,0,0,61,3,0,�����ʵ��б�,053-232-1506,09:00~18:00,1968-07,35.8531878,128.6125316,2019-09-10
"����ȭ���",�Ÿ������б�,"�뱸������ ������ ��õ���� 364, (������1��)",�뱸������ ������ ������1�� 96-16,N,6,13,2,0,0,0,49,4,0,�Ÿ������б�,053-232-9296,09:00~18:00,1998-01,35.8575118,128.6092622,2019-09-10
"����ȭ���",�뱸�������б�,"�뱸������ ������ ��õ���� 364, (������1��)",�뱸������ ������ ������1�� 96-16,N,43,47,4,2,0,0,72,8,0,�뱸�������б�,053-235-6563,09:00~18:00,1988-11,35.8575118,128.6092622,2019-09-10
"����ȭ���",�����������,"�뱸������ ������ ��õ���� 280, (������1��, ��������)",�뱸������ ������ ������1�� 649-76 ��������,N,3,2,0,0,0,0,4,0,0,�����������,,09:00~18:00,2000-01,35.84954972,128.6094608,2019-09-10
"����ȭ���",�����������,"�뱸������ ������ ����� 414, (������2��)",�뱸������ ������ ������2�� 173,N,2,2,0,0,0,0,1,0,0,�����������,053-764-5188,24�ð�,1995-12,35.85410708,128.6154079,2019-09-10
"����ȭ���",�����б�,"�뱸������ ������ ������76�� 33, (������2��)",�뱸������ ������ ������2�� 119-4,N,18,36,5,0,0,0,37,3,0,�����б�,053-755-2491,09:00~18:00,1973-10,35.8585600,128.6161581,2019-09-10
"����ȭ���",�����ʵ��б�,"�뱸������ ������ ��ȷ� 311, (������2��)",�뱸������ ������ ������2�� 17-1,N,23,46,5,2,0,0,50,5,0,�����ʵ��б�,053-232-3207,09:00~18:00,1983-03,35.8582007,128.6169452,2019-09-10
"����ȭ���",�¹����,"�뱸������ ������ ��ȷ� 281, (������2��)",�뱸������ ������ ������2�� 39-4,N,3,0,0,0,0,0,3,0,0,�¹����,053-754-7027,09:00~18:00,1974-12,35.85519075,128.616756,2019-09-10
"����ȭ���",��������,,�뱸������ ������ ������2�� 39-1,N,2,1,0,0,0,0,2,0,0,��������,,09:00~18:00,1975-05,35.85591886,128.6171381,2019-09-10
"����ȭ���",�����������,"�뱸������ ������ �ޱ������ 2330, (������2��)",�뱸������ ������ ������2�� 1,N,21,36,0,0,0,0,18,0,0,�����������,053-755-2221,09:00~18:00,1989-12,35.8593174,128.6169566,2019-09-10
"����ȭ���",��������,"�뱸������ ������ ����� 411, (������2��)",�뱸������ ������ ������2�� 168-4,N,20,20,0,0,0,0,20,0,0,��������,053-746-2727,09:00~18:00,1991-10,35.85468561,128.6150803,2019-09-10
"����ȭ���",�뱸���ົ��,"�뱸������ ������ �ޱ������ 2310, (������2��)",�뱸������ ������ ������2�� 118,N,121,132,2,0,0,0,122,2,0,�뱸���ົ��,053-756-2001,09:00~18:00,1985-05,35.8590769,128.6150194,2019-09-10
"����ȭ���",��������,"�뱸������ ������ ��ȷ� 274, (������3��)",�뱸������ ������ ������3�� 330,N,17,17,1,1,0,0,16,1,0,��������,053-761-4601,08:00~22:00,1998-08,35.85448364,128.6175477,2019-09-10
"����ȭ���",����������,"�뱸������ ������ ����� 443, (������3��)",�뱸������ ������ ������3�� 327,N,12,8,1,0,0,0,14,0,0,�Ƿ���� ��û�Ƿ����,053-740-1000,09:00~18:00,2000-11,35.8545433,128.6185273,2019-09-10
"����ȭ���",��õ������,"�뱸������ ������ ��ȷ� 375, (������4��)",�뱸������ ������ ������4�� 1026-1,N,1,1,0,0,0,0,1,0,0,��õ������,053-741-2277,06:00~24:00,1994-01,35.86372155,128.6176748,2019-09-10
"����ȭ���",�뱸�߾Ӱ���б�,"�뱸������ ������ ��õ���� 496, (������4��)",�뱸������ ������ ������4�� 1145-1,N,20,25,0,0,0,0,35,0,0,�뱸�߾Ӱ���б�,053-720-8040,09:00~18:00,2018-05,35.8669272,128.6164609,2019-09-10
"����ȭ���",�������������θ�,"�뱸������ ������ ������ 393, (������4��, ����������)",�뱸������ ������ ������4�� 1090-8 ����������,N,13,13,0,0,0,0,15,0,0,�������������θ������繫��,053-743-9192,07:00~24:00,2000-01,35.8608134,128.6135071,2019-09-10
"����ȭ���",�߾����б�,,�뱸������ ������ ������4�� 1145,N,24,37,0,0,0,0,2,0,0,�߾����б�,053-752-9667,09:00~18:00,1964-09,35.86710725,128.6165606,2019-09-10
"����ȭ���",DFC(�뱸���̳�������),"�뱸������ ������ û���� 43, (�ߵ�)",�뱸������ ������ �ߵ� 179,N,64,68,3,0,0,0,43,0,1,�뱸���̳�������,053-761-7983,06:00~24:00,1997-03,35.8412501,128.6130011,2019-09-10
"����ȭ���",�뼺������,"�뱸������ ������ ����� 146, (�ߵ�)",�뱸������ ������ �ߵ� 73-1,Y,1,1,0,0,0,0,0,0,0,�뼺������,053-764-5124,06:00~23:00,1995-08,35.84654028,128.6145633,2019-09-10
"����ȭ���",�뱸�����ý�������1������,"�뱸������ ������ ������ 286, (�ߵ�)",�뱸������ ������ �ߵ� 7-1,N,2,3,0,0,0,0,2,0,0,�뱸�����ý�������1������,053-763-0153,24�ð�,1976-02,35.85096176,128.6136734,2019-09-10
"����ȭ���",�������������,"�뱸������ ������ ����� 101-1, (�ߵ�)",�뱸������ ������ �ߵ� 537-21,N,1,1,0,0,0,0,1,0,0,�������������,053-761-6051,06:00~23:00,1992-07,35.84732038,128.6100637,2019-09-10
"����ȭ���",�Ƹ��ٿ�������,"�뱸������ ������ ������ 250, (�ߵ�)",�뱸������ ������ �ߵ� 32-4,N,1,1,0,0,0,0,1,0,0,�Ƹ��ٿ�������,053-762-2692,24�ð�,1994-12,35.8478245,128.613311,2019-09-10
"����ȭ���",��������,"�뱸������ ������ ����� 420, (������2��)",�뱸������ ������ ������2�� 39-3,N,2,1,0,0,0,0,2,0,0,��������,053-755-3218,09:00~18:00,1971-01,35.85426618,128.6160181,2019-09-10
"����ȭ���",���ϰ���,"�뱸������ ������ û���� 1, (�ߵ�)",�뱸������ ������ �ߵ� 551-8,N,1,2,0,0,0,0,3,0,0,���ϰ���,053-762-8855,24�ð�,1982-10,35.84172228,128.6083932,2019-09-10
"����ȭ���",�����ʵ��б�,"�뱸������ ������ û���� 22-23, (�ߵ�)",�뱸������ ������ �ߵ� 410-1,N,8,10,1,2,0,0,11,1,0,�����ʵ��б�,053-232-5961,08:00~18:00,1984-04,35.8400739,128.6106256,2019-09-10
"����ȭ���",ȿ����������,,�뱸������ ������ �ߵ� 105-1,N,5,5,0,0,0,0,8,0,0,ȿ����������,053-766-7070,09:00~18:00,1997-02,35.8429994,128.6128651,2019-09-10
"����ȭ���",ȿ���Ƶ�����,"�뱸������ ������ ������ 200, (�ߵ�)",�뱸������ ������ �ߵ� 104-1,N,11,11,0,0,1,0,22,0,1,ȿ���Ƶ�����,053-212-7700,09:00~18:00,2018-04,35.84321413,128.6129014,2019-09-10
"����ȭ���",NH��������,"�뱸������ ������ ����� 124, (�ߵ�)",�뱸������ ������ �ߵ� 320-3,N,14,21,0,0,0,0,14,0,0,NH��������,053-760-3094,08:00~18:00,1992-07,35.84688729,128.6123666,2019-09-10
"����ȭ���",Ȳ��ĳ��������,"�뱸������ ������ û���� 172, (���굿)",�뱸������ ������ ���굿 932,N,1,1,1,0,0,0,1,1,0,Ȳ��ĳ��������,053-765-7100,24�ð�,1999-12,35.8388163,128.6268039,2019-09-10
"����ȭ���",����������,"�뱸������ ������ û���� 162, (���굿)",�뱸������ ������ ���굿 942,N,1,1,0,0,0,0,1,0,0,����������,053-766-2966,06:00~23:00,1994-07,35.83901141,128.6256145,2019-09-10
"����ȭ���",����������,"�뱸������ ������ �����14�� 63, (���굿)",�뱸������ ������ ���굿 566-2,N,1,2,0,0,0,0,0,0,0,����������,053-784-2722,06:00~23:00,1993-01,35.82655863,128.6370073,2019-09-10
"����ȭ���",�����ʵ��б�,"�뱸������ ������ ������31�� 45, (���굿)",�뱸������ ������ ���굿 1296,N,17,73,5,1,0,0,32,5,0,�����ʵ��б�,053-781-9273,08:30~16:30,1991-12,35.8253389,128.6405272,2019-09-10
"����ȭ���",����������,"�뱸������ ������ ���뱸�� 20, (���굿)",�뱸������ ������ ���굿 1054-3,N,12,18,0,0,0,0,11,0,0,����������,053-765-8006,09:00~18:00,1993-10,35.83191727,128.6239691,2019-09-10
"����ȭ���",��ȭ������,"�뱸������ ������ ûȣ�� 93, (���굿)",�뱸������ ������ ���굿 103,N,1,2,0,0,0,0,2,0,0,��ȭ������,053-782-3300,06:00~23:00,1995-01,35.8261534,128.6441162,2019-09-10
"����ȭ���",���ΰ���б�,"�뱸������ ������ ���з� 207, (���굿)",�뱸������ ������ ���굿 800,N,70,112,4,0,0,0,4,0,0,���ΰ���б�,053-235-4420,09:00~18:00,1987-02,35.8317908,128.6324892,2019-09-10
"����ȭ���",�������б�,"�뱸������ ������ ���з� 207, (���굿)",�뱸������ ������ ���굿 800,N,28,46,1,0,0,0,4,1,0,�������б�,053-232-9103,09:00~18:00,1987-02,35.8317908,128.6324892,2019-09-10
"����ȭ���",�����ʵ��б�,"�뱸������ ������ ������17�� 3-14, (���굿)",�뱸������ ������ ���굿 1149,N,15,26,0,5,0,0,30,1,0,�����ʵ��б�,053-232-0900,08:30-16:30,1977-11,35.8272130,128.6298996,2019-09-10
"����ȭ���",���йи�����,"�뱸������ ������ ���뱸�� 12, (���굿)",�뱸������ ������ ���굿 1054-5,N,8,16,2,0,0,0,7,4,0,���йи�����,053-760-8893,08:00-20:00,1998-01,35.83130433,128.6240140,2019-09-10
"����ȭ���",�뱸�����ñ��뿬����,"�뱸������ ������ ���з� 203, (���굿)",�뱸������ ������ ���굿 761-10,N,20,39,1,0,0,0,13,0,0,�뱸�����ñ��뿬����,053-765-3001,24�ð�,1988-06,35.8303843,128.6304969,2019-09-10
"����ȭ���",�븲������,"�뱸������ ������ ���з� 244, (���굿)",�뱸������ ������ ���굿 1205-3,N,1,1,0,0,0,0,1,0,0,�븲������,053-781-5151,06:00~23:00,1993-12,35.8201309,128.6349431,2019-09-10
"����ȭ���",����������������,"�뱸������ ������ ������ 52, (���굿)",�뱸������ ������ ���굿 1161-24,N,2,2,0,0,0,0,0,0,0,����������������,053-783-8900,06:00~23:00,1996-04,35.82597385,128.6264016,2019-09-10
"����ȭ���",��ȭ��ǰ������,"�뱸������ ������ ���뱸�� 74, (���굿)",�뱸������ ������ ���굿 997-2,N,1,2,0,0,0,0,2,0,0,��ȭ��ǰ������,053-767-5142,06:00~24:00,2018-02,35.8366897,128.6245020,2019-09-10
"����ȭ���",�������б�,"�뱸������ ������ �����3�� 68, (���굿)",�뱸������ ������ ���굿 1256-1,N,22,39,2,0,0,0,51,1,0,�������б�,053-232-6633,09:00~18:00,1991-10,35.82463738,128.6287306,2019-09-10
"����ȭ���",�����ʵ��б�,"�뱸������ ������ ����� 12, (���굿)",�뱸������ ������ ���굿 1272,N,33,81,1,1,0,0,57,1,0,�����ʵ��б�,053-232-3785,08:30~16:30,1997-07,35.8220084,128.6327215,2019-09-10
"����ȭ���",�����ý���,,�뱸������ ������ ���굿 1299-10,N,1,2,1,0,0,0,1,1,0,�����ý���,053-783-4927,09:00~18:00,1989-12,35.82561632,128.6411849,2019-09-10
"����ȭ���",���ֺ���,"�뱸������ ������ ������ 182, (���굿)",�뱸������ ������ ���굿 1275-10,N,16,16,8,0,0,0,16,0,0,���ֺ���,053-783-2511,09:00~18:00,1996-04,35.8211021,128.6391009,2019-09-10
"����ȭ���",��������б�,"�뱸������ ������ ���з�28�� 36, (���굿)",�뱸������ ������ ���굿 1184-3,N,35,59,1,0,0,0,64,1,0,��������б�,053-712-8152,09:00~18:00,2018-11,35.8210304,128.6258546,2019-09-10
"����ȭ���",���ƽ���������,"�뱸������ ������ ������ 59, (���굿)",�뱸������ ������ ���굿 1160-74,N,25,24,0,0,0,0,23,0,0,���ƽ���������,053-784-6277,09:00~18:00,1993-06,35.8259285,128.6297478,2019-09-10
"����ȭ���",�ż���������,"�뱸������ ������ �ĵ��� 159, (�ĵ�)",�뱸������ ������ �ĵ� 27-33,N,1,2,0,0,0,0,1,0,0,�ż���������,053-763-7894,06:00~23:00,1995-01,35.8172499,128.6135038,2019-09-10
"����ȭ���",�ĵ�������,"�뱸������ ������ �ĵ��� 71, (�ĵ�)",�뱸������ ������ �ĵ� 506-4,N,1,2,0,0,0,0,1,0,0,�ĵ�������,053-768-8182,06:00~23:00,1996-09,35.8105161,128.6184122,2019-09-10
"����ȭ���",���ٿ�������,"�뱸������ ������ �ĵ��� 59, (�ĵ�)",�뱸������ ������ �ĵ� 495,N,2,1,0,0,0,0,1,0,0,���ٿ�������,053-766-8884,06:00~23:00,1995-03,35.8097087,128.6190990,2019-09-10
"����ȭ���",�λ��ʵ��б�,"�뱸������ ������ ���뱸��6�� 31, (���굿)",�뱸������ ������ ���굿 1043,N,26,47,4,4,0,0,49,5,0,�λ��ʵ��б�,053-232-3598,08:00~17:00,1997-12,35.83260024,128.6262545,2019-09-10
"����ȭ���",���ڿ�������,"�뱸������ ������ �ĵ��� 42, (�ĵ�)",�뱸������ ������ �ĵ� 481-3,N,1,1,0,0,0,0,1,0,0,���ڿ�������,053-768-3200,06:00~23:00,1996-01,35.8084712,128.6208332,2019-09-10
"����ȭ���",�������б�,"�뱸������ ������ �ĵ���51�� 26-9, (�ĵ�)",�뱸������ ������ �ĵ� 2,N,21,39,1,1,0,0,32,1,0,�������б�,053-232-6312,09:00~18:00,1983-03,35.8255985,128.6071854,2019-09-10
"����ȭ���",�ĵ��ʵ��б�,"�뱸������ ������ �ĵ���51�� 34, (�ĵ�)",�뱸������ ������ �ĵ� 8,N,18,23,4,0,0,0,27,4,0,�ĵ��ʵ��б�,053-232-3090,08:00~17:00,1983-03,35.8242729,128.6076568,2019-09-10
"����ȭ���",�뱸��������պ�����,"�뱸������ ������ �ĵ���51�� 26-17, (�ĵ�)",�뱸������ ������ �ĵ� 1-1,N,9,11,12,14,0,0,13,14,0,�뱸��������պ�����,053-763-1011,08:30~18:00,1987-04,35.8265788,128.6070623,2019-09-10
"����ȭ���",�����ʵ��б�,"�뱸������ ������ û����45�� 27, (Ȳ�ݵ�)",�뱸������ ������ Ȳ�ݵ� 373,N,36,69,4,0,0,0,60,5,0,�����ʵ��б�,053-770-0502,09:00~18:00,1982-03,35.8413628,128.6323184,2019-09-10
"����ȭ���",��ϰ���б�,"�뱸������ ������ ûȣ�� 300, (Ȳ�ݵ�)",�뱸������ ������ Ȳ�ݵ� 9,N,107,158,2,0,0,0,6,0,0,��ϰ���б�,053-760-5502,09:00~18:00,1984-11,35.8444499,128.6406387,2019-09-10
"����ȭ���",�����뱸�ڹ���,"�뱸������ ������ ûȣ�� 321, (Ȳ�ݵ�)",�뱸������ ������ Ȳ�ݵ� 70,N,8,11,6,3,2,3,23,6,2,�����뱸�ڹ���,053-768-6051,09:00~18:00,1994-12,35.8460881,128.6385098,2019-09-10
"����ȭ���",�����������Ʈ,"�뱸������ ������ ûȣ�� 297, (Ȳ�ݵ�)",�뱸������ ������ Ȳ�ݵ� 92,N,5,15,0,0,0,0,10,0,0,�����������Ʈ,053-761-8300,09:00~18:00,2018-05,35.84391854,128.6384986,2019-09-10
"����ȭ���",Ȳ�ݰ���Ʈ����,,�뱸������ ������ Ȳ�ݵ� 605-2,N,0,1,0,0,0,0,1,0,0,Ȳ�ݰ���Ʈ����,053-744-8088,09:00~18:00,2000-01,35.84361769,128.6254668,2019-09-10
"����ȭ���",�������������,"�뱸������ ������ ���뱸�� 221, (Ȳ�ݵ�)",�뱸������ ������ Ȳ�ݵ� 670-1,N,1,2,0,0,0,0,1,0,0,�������������,053-767-1010,06:00~24:00,1993-02,35.85026502,128.6245892,2019-09-10
"����ȭ���",��������������,"�뱸������ ������ ���뱸�� 138, (Ȳ�ݵ�)",�뱸������ ������ Ȳ�ݵ� 601-1,N,1,1,0,0,0,0,1,0,0,��������������,053-764-8420,06:00~24:00,1994-09,35.84252014,128.6250707,2019-09-10
"����ȭ���",���갡��,"�뱸������ ������ ���뱸�� 116, (Ȳ�ݵ�)",�뱸������ ������ Ȳ�ݵ� 546,Y,2,2,0,0,0,0,0,0,0,�ߵ��갡��,053-763-8877,24�ð�,1984-07,35.84066527,128.624713,2019-09-10
"����ȭ���",Ȳ�ݱ⸧â��������,"�뱸������ ������ û���� 89, 5ȣ (Ȳ�ݵ�)",�뱸������ ������ Ȳ�ݵ� 887-1 5ȣ,N,1,2,0,0,0,0,1,0,0,Ȳ�ݱ⸧â��������,053-766-5151,24�ð�,1994-08,35.84061863,128.6180598,2019-09-10
"����ȭ���",����������,,�뱸������ ������ Ȳ�ݵ� 762-23,N,2,2,0,0,0,0,2,0,0,����������,053-768-5189,06:00~21:50,1994-11,35.84666519,128.6218043,2019-09-10
"����ȭ���",Ȳ���ʵ��б�,"�뱸������ ������ ��ȷ�32�� 22, (Ȳ�ݵ�)",�뱸������ ������ Ȳ�ݵ� 820,N,28,74,5,0,0,0,53,1,0,Ȳ���ʵ��б�,053-232-2046,09:00~18:00,1980-03,35.8440211,128.6183757,2019-09-10
"����ȭ���",Ȳ�ݽ���,"�뱸������ ������ û�ַ� 19, (Ȳ�ݵ�, Ȳ�ݽ���)",�뱸������ ������ Ȳ�ݵ� 746 Ȳ�ݽ���,N,6,2,0,0,0,0,6,0,0,Ȳ�ݽ���,053-766-7169,09:00~18:00,1981-01,35.84844996,128.6199743,2019-09-10
"����ȭ���",ȭ�����������,"�뱸������ ������ ���뱸�� 111, (Ȳ�ݵ�)",�뱸������ ������ Ȳ�ݵ� 847-2,N,15,23,0,0,0,0,16,0,0,ȭ�����������,053-767-2111,09:00~18:00,2000-12,35.84032889,128.623537,2019-09-10
"����ȭ���",LG U+ Ȳ�ݻ��,"�뱸������ ������ ���뱸�� 125, (Ȳ�ݵ�)",�뱸������ ������ Ȳ�ݵ� 846-3,N,16,16,0,0,0,0,16,0,0,LG U+ Ȳ�ݻ��,053-712-5390,08:00~21:00,1996-03,35.84146405,128.6236344,2019-09-10
"����ȭ���",�ѱ���۱������,"�뱸������ ������ ���뱸�� 126, (Ȳ�ݵ�)",�뱸������ ������ Ȳ�ݵ� 541-1,N,12,14,0,0,0,0,11,0,0,�ѱ���۱���������� �뱸����,053-767-9900,08:00~22:00,1997-12,35.8415031,128.6247637,2019-09-10
"����ȭ���",��ź���,"�뱸������ ������ ���뱸�� 194, (Ȳ�ݵ�)",�뱸������ ������ Ȳ�ݵ� 661,N,14,14,0,0,0,0,14,0,0,��ź���,053-741-6060,09:00~18:00,2018-12,35.8477031,128.6253323,2019-09-10
"����ȭ���",�뱸���а���б�,"�뱸������ ������ ���뱸�� 154, (Ȳ�ݵ�)",�뱸������ ������ Ȳ�ݵ� 613,N,43,53,9,9,0,0,65,9,0,�뱸���а���б�,053-231-7618,08:00~19:00,1990-11,35.8443207,128.6252903,2019-09-10
"����ȭ���",����e����,"�뱸������ ������ ����� 219, (Ȳ�ݵ�)",�뱸������ ������ Ȳ�ݵ� 687-3,N,10,17,1,0,0,0,9,3,0,����e����,053-762-2009,09:00~18:00,1998-05,35.8467364,128.6228888,2019-09-10
"����ȭ���",����1���ֹμ���,"�뱸������ ������ ����õ�� 97, (���)",�뱸������ ������ ��� 882-15,N,4,4,1,1,0,0,4,1,0,����1���ֹμ���,053-666-3542,09:00~18:00,1993-07,35.8556301,128.6220509,2019-09-10
"����ȭ���",����������,"�뱸������ ������ ���뱸�� 313, (���)",�뱸������ ������ ��� 563-8,N,3,6,1,0,0,0,1,0,0,����������,053-600-6307,09:00~18:00,2018-11,35.8585703,128.6251586,2019-09-10
"����ȭ���",�뱸������뵿û,"�뱸������ ������ ���뱸�� 231, (���)",�뱸������ ������ ��� 743,N,10,15,2,0,0,0,16,0,0,�뱸������뵿û,053-667-6207,09:00~18:00,2018-12,35.8510261,128.6245059,2019-09-10
"����ȭ���",������û,"�뱸������ ������ �ޱ������ 2450, (���)",�뱸������ ������ ��� 238-3,N,40,48,5,1,0,0,41,0,0,������û,053-666-2262,09:00~18:00,1978-08,35.8580437,128.6305520,2019-09-10
"����ȭ���",����������,"�뱸������ ������ �ޱ������ 2460, (���)",�뱸������ ������ ��� 238-37,N,23,32,4,0,0,0,3,0,0,����������,053-600-9339,09:00~18:00,1984-07,35.85826801,128.6318343,2019-09-10
"����ȭ���",����2����ü��,"�뱸������ ������ �ޱ������ 2465, (���)",�뱸������ ������ ��� 167-6,N,2,1,0,0,0,0,0,0,0,����2����ü��,053-756-8361,09:00~18:00,1988-12,35.8591141,128.6323093,2019-09-10
"����ȭ���",Ȳ�����б�,"�뱸������ ������ ��ȷ�32�� 40, (Ȳ�ݵ�)",�뱸������ ������ Ȳ�ݵ� 821,N,24,38,6,0,0,0,53,6,0,Ȳ�����б�,053-232-7966,07:00~18:00,1982-03,35.8434924,128.6193802,2019-09-10
"����ȭ���",����2���ֹμ���,"�뱸������ ������ �ޱ������489�ȱ� 7, (���)",�뱸������ ������ ��� 163-1,N,1,2,1,1,0,0,2,1,0,����2���ֹμ���,053-666-3554,24�ð�,1979-01,35.8601155,128.6312765,2019-09-10
"����ȭ���",�뱸��뼾��,"�뱸������ ������ ���뱸�� 392, (���)",�뱸������ ������ ��� 45-31,N,9,9,1,1,0,0,20,1,0,�뱸��뼾��,053-667-6029,09:00~18:00,2018-12,35.86534728,128.6274428,2019-09-10
"����ȭ���",�뱸����������û,"�뱸������ ������ ���뱸�� 364, (���)",�뱸������ ������ ��� 458-2,N,41,49,1,0,0,0,42,1,0,�뱸����������û,053-740-3300,09:00~18:00,1973-01,35.8621645,128.6284864,2019-09-10
"����ȭ���",�뱸������,"�뱸������ ������ ���뱸�� 364, (���)",�뱸������ ������ ��� 176-1,N,46,64,25,0,0,0,47,10,0,�뱸������,053-755-1882,09:00~18:00,1973-10,35.8621645,128.6284864,2019-09-10
"����ȭ���",����3���ֹμ���,"�뱸������ ������ ��ȷ� 403-1, (���)",�뱸������ ������ ��� 1265,N,1,1,0,0,0,0,1,0,0,����3���ֹμ���,053-666-3573,09:00~18:00,1980-08,35.86610038,128.6178041,2019-09-10
"����ȭ���",���,"�뱸������ ������ �ޱ������ 2398, (���)",�뱸������ ������ ��� 561-4,N,4,5,1,1,0,0,10,1,1,�뱸����ö������,053-756-9376,05:30~24:00,2018-01,35.85875474,128.6247334,2019-09-10
"����ȭ���",����4���ֹμ���,"�뱸������ ������ �����20�� 97, (���)",�뱸������ ������ ��� 218-15,N,1,1,2,0,0,0,1,0,0,����4���ֹμ���,053-666-3304,09:00~18:00,1988-03,35.85810872,128.6412477,2019-09-10
"����ȭ���",����4��ġ�ȼ���,"�뱸������ ������ ûȣ�� 421-9, (���)",�뱸������ ������ ��� 831-44,N,0,1,1,0,0,0,0,0,0,����4��ġ�ȼ���,053-600-6311,09:00~18:00,1990-09,35.85465161,128.6388173,2019-09-10
"����ȭ���",������û��,"�뱸������ ������ �ޱ������ 2494, (���, ���)",�뱸������ ������ ��� 198-6 ���,N,4,6,1,1,0,0,9,1,1,�뱸����ö������,053-756-7822,05:30~24:00,2018-12,35.8585178,128.6355157,2019-09-10
"����ȭ���",����1����ü��,"�뱸������ ������ ��ä����� 1075, (���̵�)",�뱸������ ������ ���̵� 685-56,N,1,1,0,0,0,0,0,0,0,����1����ü��,053-742-0900,09:00~18:00,1991-12,35.8689039,128.6467717,2019-09-10
"����ȭ���",����1���ֹμ���,"�뱸������ ������ ������ 167, (���̵�)",�뱸������ ������ ���̵� 636-7,N,2,2,1,0,0,0,1,0,0,����1���ֹμ���,053-666-3305,09:00~18:00,1982-07,35.87291413,128.6469020,2019-09-10
"����ȭ���",����2���ֹμ���,"�뱸������ ������ ������ 12, (���̵�)",�뱸������ ������ ���̵� 942-6,N,1,2,0,0,0,0,1,0,0,����2���ֹμ���,053-666-3306,09:00~18:00,1986-10,35.8598612,128.6472298,2019-09-10
"����ȭ���",���̿�,"�뱸������ ������ �ޱ������ 2575, (���̵�)",�뱸������ ������ ���̵� 1037-4,N,4,10,1,1,0,0,15,1,1,�뱸����ö������,053-751-0287,05:30~24:00,2018-12,35.85935366,128.6444022,2019-09-10
"����ȭ���",����3���ֹμ���,"�뱸������ ������ ���з�2�� 45, (���̵�)",�뱸������ ������ ���̵� 855-2,N,5,5,2,1,0,0,4,0,0,����3���ֹμ���,053-666-3651,09:00~18:00,1997-08,35.85550776,128.6505711,2019-09-10
"����ȭ���",����119��������,"�뱸������ ������ �ޱ������ 2658, (���̵�)",�뱸������ ������ ���̵� 859-1,N,2,2,0,0,0,0,0,0,0,����119��������,053-752-0119,09:00~18:00,1982-09,35.85533716,128.6521087,2019-09-10
"����ȭ���",����1����ü��,"�뱸������ ������ �ޱ������ 2272, (������1��)",�뱸������ ������ ������1�� 93-36,N,0,0,2,0,0,0,0,0,0,����1����ü��,053-757-1273,09:00~18:00,1992-07,35.86002489,128.6109102,2019-09-10
"����ȭ���",����1�����ֹμ���,,�뱸������ ������ ������1�� 249-139,N,8,7,1,1,0,0,8,0,0,����1�����ֹμ���,053-666-3671,09:00~18:00,1996-10,35.8565812814,128.6095220191,2019-09-10
"����ȭ���",������ü��,"�뱸������ ������ �ޱ������ 2320, (������2��)",�뱸������ ������ ������2�� 118-2,N,19,30,2,0,0,0,13,1,0,������ü��,053-757-1030,09:00~18:00,1989-12,35.8593054,128.6158579,2019-09-10
"����ȭ���",����ġ�ȼ���,"�뱸������ ������ ��ȷ�54�� 26, (������3��)",�뱸������ ������ ������3�� 216,N,0,0,2,0,0,0,0,0,0,����ġ�ȼ���,053-763-0113,09:00~18:00,1980-12,35.8529183,128.6186534,2019-09-10
"����ȭ���",����2.3�����ֹμ���,"�뱸������ ������ ����� 443-2, (������3��)",�뱸������ ������ ������3�� 184-5,N,8,8,4,0,0,0,8,0,0,����2.3�����ֹμ���,053-666-3696,09:00~18:00,2018-06,35.85476452,128.6190113,2019-09-10
"����ȭ���",�뱸�ñ���û,"�뱸������ ������ ������76�� 11, (������2��)",�뱸������ ������ ������2�� 119-2,N,42,54,5,0,0,0,45,1,0,�뱸�ñ���û,053-231-0552,09:00~24:00,2018-04,35.8582484,128.6150618,2019-09-10
"����ȭ���",�뱸���࿪,,�뱸������ ������ ������2�� 118-1,N,4,7,1,1,0,0,12,1,1,�뱸����ö������,053-752-0206,05:30~24:00,2018-01,35.85901258,128.6149588,2019-09-10
"����ȭ���",����119��������,"�뱸������ ������ ��ȷ�60�� 30, (������3��)",�뱸������ ������ ������3�� 40,N,3,5,1,0,0,0,0,0,0,����119��������,053-741-2119,09:00~18:00,2000-01,35.8568077,128.6209186,2019-09-10
"����ȭ���",����4�����ֹμ���,"�뱸������ ������ ��ȷ�67�� 64, (������4��)",�뱸������ ������ ������4�� 1027-6,N,3,1,0,0,0,0,2,0,0,����4�����ֹμ���,053-666-3721,09:00~18:00,1984-10,35.86264525,128.6166478,2019-09-10
"����ȭ���",����3��ġ�ȼ���,"�뱸������ ������ ����õ�� 147, (������4��)",�뱸������ ������ ������4�� 985-96,N,1,1,0,0,0,0,0,0,0,����3��ġ�ȼ���,053-600-6309,09:00~18:00,1981-11,35.85994006,128.6221186,2019-09-10
"����ȭ���",Ȳ��1���ֹμ���,"�뱸������ ������ ûȣ��57�� 10, (Ȳ�ݵ�)",�뱸������ ������ Ȳ�ݵ� 93-5,N,4,4,1,1,0,0,5,1,0,Ȳ��1���ֹμ���,053-666-3731,09:00~18:00,1994-03,35.84398352,128.6381448,2019-09-10
"����ȭ���",Ȳ��������,"�뱸������ ������ û���� 245, (Ȳ�ݵ�)",�뱸������ ������ Ȳ�ݵ� 148-5,N,1,2,1,0,0,0,0,0,0,Ȳ��������,053-600-6318,09:00~18:00,2018-01,35.84102749,128.6347113,2019-09-10
"����ȭ���",Ȳ�ݵ���ü��,"�뱸������ ������ û���� 243, (Ȳ�ݵ�)",�뱸������ ������ Ȳ�ݵ� 148-4,N,1,1,1,0,0,0,0,1,0,Ȳ�ݵ���ü��,053-763-0177,09:00~18:00,2018-08,35.84102843,128.6345124,2019-09-10
"����ȭ���",��Ƽ��,"�뱸������ ������ ȭ����34�� 61, (���̵�, �׷������)",�뱸������ ������ ���̵� 360 �׷������,N,3,4,1,1,0,0,7,1,1,�뱸����ö������,053-752-0959,05:30~24:00,2018-12,35.8750053,128.6482191,2019-09-10
"����ȭ���",�뱸�ó������պ�����,"�뱸������ ������ û����35�� 47, (Ȳ�ݵ�)",�뱸������ ������ Ȳ�ݵ� 478-4,N,6,8,6,0,0,0,8,3,0,�뱸�ó������պ�����,053-766-6011,09:00~18:00,1995-03,35.8411411,128.6299865,2019-09-10
"����ȭ���",������û�ҳ���ð�,"�뱸������ ������ û����45�� 100, (Ȳ�ݵ�)",�뱸������ ������ Ȳ�ݵ� ��143-1,N,15,26,3,0,0,0,19,2,0,������û�ҳ���ð�,053-761-9400,08:00~22:00,1995-12,35.8448431,128.6319043,2019-09-10
"����ȭ���",Ȳ��2���ֹμ���,"�뱸������ ������ û����31�� 45, (Ȳ�ݵ�)",�뱸������ ������ Ȳ�ݵ� 541-2,N,2,2,1,0,0,0,1,1,0,Ȳ��2���ֹμ���,053-666-3761,09:00~18:00,1976-12,35.84154599,128.625207,2019-09-10
"����ȭ���",Ȳ��2��ġ�ȼ���,"�뱸������ ������ ��ȷ�42�� 17, (Ȳ�ݵ�)",�뱸������ ������ Ȳ�ݵ� 719-20,N,1,1,2,0,0,0,0,0,0,Ȳ��2��ġ�ȼ���,053-762-0112,09:00~18:00,1996-10,35.84951572,128.6178633,2019-09-10
"����ȭ���",�뱸�����ð��б�����,"�뱸������ ������ ���뱸�� 172, (Ȳ�ݵ�)",�뱸������ ������ Ȳ�ݵ� 626-1,N,18,23,1,1,0,0,33,1,0,�뱸�����ð��б�����,053-231-1207,09:00~18:00,1983-05,35.8450962,128.6270121,2019-09-10
"����ȭ���",���ȸ��,"�뱸������ ������ ���뱸�� 176, (Ȳ�ݵ�)",�뱸������ ������ Ȳ�ݵ� 626,N,19,36,5,0,3,0,28,6,3,���ȸ��,053-760-0613,09:00~18:00,1983-12,35.8469129,128.6272003,2019-09-10
"����ȭ���",�ߵ���ü��,"�뱸������ ������ ��ȷ� 137, (�ߵ�)",�뱸������ ������ �ߵ� 139-3,N,1,0,1,0,0,0,0,0,0,�ߵ���ü��,053-764-0014,09:00~18:00,1989-12,35.84223142,128.616423,2019-09-10
"����ȭ���",�ߵ��ֹμ���,"�뱸������ ������ ������50�� 38, (�ߵ�)",�뱸������ ������ �ߵ� 44-6,N,5,6,0,0,0,0,2,1,0,�ߵ��ֹμ���,053-666-3313,09:00~18:00,1994-03,35.84734878,128.6151041,2019-09-10
"����ȭ���",���������Ǽ�,"�뱸������ ������ ������ 213, (�ߵ�)",�뱸������ ������ �ߵ� 266-5,N,18,23,10,0,0,0,40,0,0,���������Ǽ�,053-666-3111,09:00~18:00,1983-07,35.8447846,128.6122124,2019-09-10
"����ȭ���",�ߵ�ġ�ȼ���,"�뱸������ ������ ����� 90, (�ߵ�)",�뱸������ ������ �ߵ� 532-286,N,0,0,2,0,0,0,0,0,0,�ߵ�ġ�ȼ���,053-766-0112,09:00~18:00,1988-12,35.8470301,128.6086555,2019-09-10
"����ȭ���",���ֹμ���,"�뱸������ ������ ��ȷ�9�� 56, (��)",�뱸������ ������ �� 400,N,2,2,1,0,0,0,4,0,0,���ֹμ���,053-666-3798,09:00~18:00,2018-07,35.83212348,128.6154591,2019-09-10
"����ȭ���",��������,"�뱸������ ������ ��ȷ� 54, (�λ굿)",�뱸������ ������ �λ굿 138-8,N,1,2,1,0,0,0,0,1,0,��������,053-600-6312,09:00~18:00,2018-11,35.83451216,128.6172297,2019-09-10
"����ȭ���",�ĵ���ü��,"�뱸������ ������ �ĵ��� 49, (�ĵ�)",�뱸������ ������ �ĵ� 492-6,N,1,1,1,0,0,0,0,0,0,�ĵ���ü��,053-765-0114,09:00~18:00,1987-12,35.80871978,128.6199697,2019-09-10
"����ȭ���",�ĵ��ֹμ���,"�뱸������ ������ �ĵ��� 136, (�ĵ�)",�뱸������ ������ �ĵ� 152-20,N,3,3,2,0,0,0,0,0,0,�ĵ��ֹμ���,053-666-3315,09:00~18:00,2018-10,35.8155269,128.6152046,2019-09-10
"����ȭ���",�ĵ������,"�뱸������ ������ �ĵ���2�� 30, (�ĵ�)",�뱸������ ������ �ĵ� 473-4,Y,1,1,1,0,0,0,0,0,0,�ĵ������,053-600-6317,24�ð�,1993-09,35.80860481,128.6213124,2019-09-10
"����ȭ���",�λ굿�ֹμ���,"�뱸������ ������ ���з� 112, (�λ굿)",�뱸������ ������ �λ굿 499-4,N,2,3,1,0,0,0,2,0,0,�λ굿�ֹμ���,053-666-3316,09:00~18:00,2018-07,35.8292435,128.6209285,2019-09-10
"����ȭ���",�뱸�����ú���ȯ�濬����,"�뱸������ ������ ���з� 215, (���굿)",�뱸������ ������ ���굿 771,N,9,14,2,0,0,0,8,2,0,�뱸�����ú���ȯ�濬����,053-760-1255,09:00~18:00,1988-05,35.8301045,128.6326341,2019-09-10
"����ȭ���",����119������,"�뱸������ ������ ������ 151, (���굿)",�뱸������ ������ ���굿 1277-17,N,3,3,0,0,0,0,0,0,0,����119������,053-781-9119,09:00~18:00,1993-10,35.8233034,128.6370269,2019-09-10
"����ȭ���",�ѱ�ȯ����� �뱸�����������,"�뱸������ ������ ���з� 209, (���굿)",�뱸������ ������ ���굿 761-11,N,9,14,1,0,0,0,5,1,0,�ѱ�ȯ����� �뱸�����������,053-280-3886,09:00~18:00,1989-08,35.83048959,128.6315396,2019-09-10
"����ȭ���",�����ü��,"�뱸������ ������ ������ 149, (���굿)",�뱸������ ������ ���굿 1277-18,N,2,1,0,0,0,0,0,0,0,�����ü��,053-782-2314,09:00~18:00,1991-10,35.8234174,128.6367401,2019-09-10
"����ȭ���",������Ʈ�Ǿ�,"�뱸������ ������ ���з� 180, (���굿)",�뱸������ ������ ���굿 1137-3,N,27,39,4,0,0,0,45,2,0,������ȭ���(������Ʈ�Ǿ�),053-668-1800,08:30~22:00,2018-08,35.8295426,128.6284150,2019-09-10
"����ȭ���",����1���ֹμ���,"�뱸������ ������ ������21�� 16, (���굿)",�뱸������ ������ ���굿 1280-2,N,10,6,0,0,0,0,10,0,1,����1���ֹμ���,053-666-3855,09:00~21:00,1989-01,35.8247805,128.6370564,2019-09-10
"����ȭ���",Ȳ��119��������,"�뱸������ ������ ���뱸��12�� 41, (���굿)",�뱸������ ������ ���굿 993-3,N,2,2,0,0,0,0,0,0,0,Ȳ��119��������,053-764-0119,09:00~18:00,1986-10,35.8355187,128.6264323,2019-09-10
"����ȭ���",�뱸�������û,"�뱸������ ������ ���з� 227, (���굿)",�뱸������ ������ ���굿 720,N,93,128,3,3,0,0,56,3,0,�뱸�������û,053-804-2188,24�ð�,1997-03,35.8294628,128.6343479,2019-09-10
"����ȭ���",����2���ֹμ���,"�뱸������ ������ ���з�33�� 9, (���굿)",�뱸������ ������ ���굿 1249-1,N,1,3,2,0,0,0,3,1,0,����2���ֹμ���,053-666-3318,09:00~18:00,1992-10,35.82312622,128.6280171,2019-09-10
"����ȭ���",����2��ġ�ȼ���,"�뱸������ ������ ���з�33�� 15, (���굿)",�뱸������ ������ ���굿 1249,N,2,2,2,0,0,0,0,0,0,����2��ġ�ȼ���,053-781-0112,09:00~18:00,1997-11,35.82333317,128.6281117,2019-09-10
"����ȭ���",������ü��,"�뱸������ ������ ���ȷ�16�� 6, (������)",�뱸������ ������ ������ 1321-5,N,1,1,0,0,0,0,1,0,0,������ü��,053-784-9356,09:00~18:00,1992-12,35.8178090,128.6462897,2019-09-10
"����ȭ���",����1���ֹμ���,"�뱸������ ������ ���ȷ� 76, (������)",�뱸������ ������ ������ 1321-3,N,2,2,1,1,0,0,4,0,0,����1���ֹμ���,053-666-3909,09:00~18:00,1992-07,35.8177491,128.6459685,2019-09-10
"����ȭ���",��119��������,"�뱸������ ������ �ĵ���51�� 5, (�ĵ�)",�뱸������ ������ �ĵ� 616-5,N,3,4,0,0,0,0,0,0,0,��119��������,053-765-0119,09:00~18:00,1987-10,35.82509717,128.609373,2019-09-10
"����ȭ���",����ġ�ȼ���,"�뱸������ ������ ���ȷ� 78, (������)",�뱸������ ������ ������ 1321-4,N,1,2,1,0,0,0,0,0,0,����ġ�ȼ���,053-782-0112,09:00~18:00,1997-11,35.8179333,128.6463017,2019-09-10
"����ȭ���",�����ҹ漭.119������.����119��������,"�뱸������ ������ ûȣ�� 87, (������)",�뱸������ ������ ������ 1259,N,2,5,1,0,0,0,2,0,0,�����ҹ漭.119������.����119��������,053-780-5200,09:00~18:00,2018-02,35.82550081,128.6442386,2019-09-10
"����ȭ���",����2���ֹμ���,"�뱸������ ������ ���ȷ� 52, (������)",�뱸������ ������ ������ 1374-1,N,3,4,0,0,0,0,5,0,0,����2���ֹμ���,053-666-3320,09:00~18:00,2000-06,35.81750129,128.6434434,2019-09-10
"����ȭ���",�Ÿſ�ü��,"�뱸������ ������ �ޱ������ 3182, (�Ÿŵ�)",�뱸������ ������ �Ÿŵ� 566-1,N,2,2,0,0,0,0,2,0,0,�Ÿſ�ü��,053-793-6001,09:00~18:00,1994-12,35.84050198,128.7046377,2019-09-10
"����ȭ���",���1���ֹμ���,"�뱸������ ������ �ޱ������ 3260-2, (�Ÿŵ�)",�뱸������ ������ �Ÿŵ� 193-1,N,2,3,1,0,0,0,2,0,0,���1���ֹμ���,053-666-3321,09:00~18:00,1989-04,35.8371318,128.7124229,2019-09-10
"����ȭ���",���119��������,"�뱸������ ������ ���� 105, (�Ÿŵ�)",�뱸������ ������ �Ÿŵ� 566-2,N,2,3,0,0,0,0,1,0,0,���119��������,053-791-7119,09:00~18:00,1995-12,35.8403373,128.7045513,2019-09-10
"����ȭ���",���1��ġ�ȼ���,"�뱸������ ������ �Ÿŷ� 86, (�Ÿŵ�)",�뱸������ ������ �Ÿŵ� 578-7,N,1,0,1,0,0,0,0,0,0,���1��ġ�ȼ���,053-600-6301,09:00~18:00,1997-11,35.83715901,128.7090204,2019-09-10
"����ȭ���",�Ÿſ�,"�뱸������ ������ �ޱ������ 3188, (�Ÿŵ�)",�뱸������ ������ �Ÿŵ� 567,N,4,7,1,1,0,0,11,1,0,�뱸����ö������,053-791-0898,05:30~24:00,2018-01,35.84031802,128.7052185,2019-09-10
"����ȭ���",���2���ֹμ���,"�뱸������ ������ �ޱ������ 3091, (������)",�뱸������ ������ ������ 140-3,N,6,9,3,0,0,0,12,0,0,���2���ֹμ���,053-666-3322,09:00~18:00,1999-06,35.8435085,128.695184,2019-09-10
"����ȭ���",���2��ġ�ȼ���,"�뱸������ ������ ������ 46, (������)",�뱸������ ������ ������ 489-4,N,0,1,1,0,0,0,0,1,0,���2��ġ�ȼ���,053-600-6302,09:00~18:00,2018-01,35.83965269,128.6941211,2019-09-10
"����ȭ���",��꿪,,�뱸������ ������ ������ 181,N,3,4,1,1,0,0,9,1,1,�뱸����ö������,053-791-0858,05:30~24:00,2018-01,35.84373085,128.6902712,2019-09-10
"����ȭ���",�������,,�뱸������ ������ ��ȣ�� 186-5,N,6,10,2,2,0,0,18,2,2,�뱸����ö������,053-791-0881,05:30~24:00,2018-01,35.8419183,128.680968,2019-09-10
"����ȭ���",��ȣ��,"�뱸������ ������ �ޱ������ 2855, (��ȣ��)",�뱸������ ������ ��ȣ�� 22-1,N,3,4,1,1,1,0,8,1,0,�뱸����ö������,053-791-0922,05:30~24:00,2018-12,35.8470725,128.671304,2019-09-10
"����ȭ���",���������,"�뱸������ ������ ���� 150, (��ȣ��)",�뱸������ ������ ��ȣ�� 1325-7,N,1,1,2,0,0,0,0,0,0,���������,053-600-6303,09:00~18:00,2018-12,35.84383457,128.7065117,2019-09-10
"����ȭ���",�����,,�뱸������ ������ ����� 407-4,N,5,8,2,2,0,0,15,2,1,�뱸����ö������,053-795-0767,05:30~24:00,2018-01,35.83656497,128.7164645,2019-09-10
"����ȭ���",�ŸŰ���,,�뱸������ ������ �Ÿŵ� 510-65,N,1,3,1,1,0,0,2,0,0,�ŸŰ���,053-666-2835,24�ð�,2018-12,35.83378263,128.7038213,2019-09-10
"����ȭ���",��ȣ����,"�뱸������ ������ õ����23�� 5, (��ȣ��)",�뱸������ ������ ��ȣ�� 1321,N,1,3,0,0,0,0,1,0,0,��ȣ����,053-666-2835,24�ð�,1995-12,35.84463371,128.7039616,2019-09-10
"����ȭ���",�뺯����,,�뱸������ ������ ������ 501,N,1,1,1,1,0,0,1,1,0,�뺯����,053-666-2835,24�ð�,2018-08,35.83875924,128.6989727,2019-09-10
"����ȭ���",ȭ������,"�뱸������ ������ ���̷� 151, (���̵�)",�뱸������ ������ ���̵� 1417,N,2,3,1,1,0,0,3,0,0,ȭ������,053-666-2835,24�ð�,2018-01,35.87213596,128.6393415,2019-09-10
"����ȭ���",�����̰���,,�뱸������ ������ ���굿 1013,N,1,1,0,0,0,0,1,0,0,�����̰���,053-666-2835,24�ð�,1992-03,35.83500044,128.6273028,2019-09-10
"����ȭ���",������̰���,,�뱸������ ������ ������ 1376,N,1,2,0,0,0,0,2,0,0,������̰���,053-666-2835,24�ð�,1993-01,35.81717261,128.6442265,2019-09-10
"����ȭ���",����������(�����ϼ�ó����),"�뱸������ ������ ���з� 112, (�λ굿)",�뱸������ ������ �λ굿 499-4,N,3,5,1,1,1,0,6,0,0,����������(�����ϼ�ó����),053-666-2835,24�ð�,2018-06,35.8292435,128.6209285,2019-09-10
"����ȭ���",��������̰���,,�뱸������ ������ ������ 1367,N,1,2,0,0,0,0,2,0,0,��������̰���,053-666-2835,24�ð�,1993-01,35.81442027,128.6397889,2019-09-10
"����ȭ���",�߾Ӿ�̰���,,�뱸������ ������ ������ 1348,N,1,2,0,0,0,0,2,0,0,�߾Ӿ�̰���,053-666-2835,24�ð�,1993-01,35.81787799,128.6387322,2019-09-10
"����ȭ���",����������(��Ʈ����),,�뱸������ ������ �λ굿 554-3,N,3,5,1,1,0,0,7,1,0,����������(��Ʈ����),053-666-2835,24�ð�,1996-05,35.82644007,128.6181931,2019-09-10
"����ȭ���",����������(��ǳ����Ʈ ����),,�뱸������ ������ �λ굿 ��21-10,N,3,4,0,0,0,0,4,0,0,����������(��ǳ����Ʈ ����),053-666-2835,24�ð�,1982-01,35.82483646,128.6145395,2019-09-10
"����ȭ���",����������(�� ��ȥž��),,�뱸������ ������ �λ굿 ��21-13,Y,2,2,0,0,0,0,0,0,0,����������(�� ��ȥž��),053-666-2835,24�ð�,1982-01,35.82582061,128.6159637,2019-09-10
"����ȭ���",���3���ֹμ���,"�뱸������ ������ ���� 152, (��ȣ��)",�뱸������ ������ ��ȣ�� 1325-6,N,2,3,1,0,0,0,3,0,0,���3���ֹμ���,053-666-3973,09:00~18:00,1996-11,35.8440476,128.7066132,2019-09-10
"����ȭ���",�������̰���,,�뱸������ ������ ������ 1302,N,1,2,0,0,0,0,2,0,0,�������̰���,053-666-2835,24�ð�,1993-01,35.81606017,128.6482787,2019-09-10
"����ȭ���",�����ٸ�����,"�뱸������ ������ ������ 232, (������)",�뱸������ ������ ������ 1328-2,N,1,2,1,1,0,0,1,0,0,�����ٸ�����,053-666-2835,24�ð�,1993-01,35.81840305,128.6433622,2019-09-10
"����ȭ���",���о�̰���,,�뱸������ ������ ���굿 1293,Y,1,2,0,0,0,0,0,0,0,���о�̰���,053-666-2835,24�ð�,1992-03,35.82500235,128.6396969,2019-09-10
"����ȭ���",����ٸ�����,"�뱸������ ������ ���з� 267, (���굿)",�뱸������ ������ ���굿 1274,N,1,2,0,0,0,0,2,0,0,����ٸ�����,053-666-2835,24�ð�,1992-11,35.82093041,128.6376168,2019-09-10
"����ȭ���",��������,,�뱸������ ������ ���굿 1272-1,N,1,2,1,0,0,0,3,1,0,��������,053-666-2835,24�ð�,2018-06,35.82156181,128.6324204,2019-09-10
"����ȭ���",ȭ������,,�뱸������ ������ ���굿 1256,Y,1,2,0,0,0,0,0,0,0,ȭ������,053-666-2835,24�ð�,1992-08,35.82542662,128.6293523,2019-09-10
"����ȭ���",�ùΰ���,,�뱸������ ������ ��� ��228-1,N,2,2,0,0,0,0,0,0,0,�ùΰ���,053-666-2835,24�ð�,2000-01,35.86328306,128.6309144,2019-09-10
"����ȭ���",��ΰ����ȭ���,,�뱸������ ������ �ĵ� ��65,N,0,0,1,1,0,0,1,1,0,�ջ���������繫��,053-803-5465,24�ð�,1982-01,35.8093429,128.6074045,2019-09-10
"����ȭ���",����������,"�뱸������ ������ ������ 155, (���굿)",�뱸������ ������ ���굿 1277-16,N,2,2,2,0,0,0,2,1,0,����������,053-600-6315,09:00~18:00,1992-01,35.82312295,128.6371806,2019-09-10
"����ȭ���",���е�����,"�뱸������ ������ ������41�� 36, (������)",�뱸������ ������ ������ 1283-1,N,12,18,6,0,0,0,24,6,0,���е�����,053-782-9600,09:00~18:00,2018-02,35.82120933,128.6461294,2019-09-10
"����ȭ���",Ȩ�÷����뱸��Ÿ��� ��ȭ���,"�뱸������ ������ ���Ϲ��þƵ�� 140, (���ﵿ)",�뱸������ ������ ���ﵿ 504,N,3,2,1,1,0,1,6,1,0,Ȩ�÷����뱸��Ÿ��� ��ȭ���,053-664-8124,10:00~24:00,2018-12,35.83166106,128.6873219,2019-09-10
"����ȭ���",�����޵�Į����,"�뱸������ ������ �ޱ������ 2296, (������1��)",�뱸������ ������ ������1�� 45-2,N,12,12,1,0,0,0,12,1,0,�����޵�Į����,053-741-0009,09:00~18:00,2018-10,35.8595035,128.6135341,2019-09-10
"����ȭ���",�λ깮ȭ����,"�뱸������ ������ ��ȷ�16�� 78, (�λ굿)",�뱸������ ������ �λ굿 30,N,9,15,1,1,0,0,8,1,0,�λ깮ȭ����,053-666-2542,09:00~18:00,2018-01,35.83920303,128.6183376,2019-09-10
"����ȭ���",Ȩ�÷���������,"�뱸������ ������ ���뱸�� 95, (�λ굿, ����SK��������)",�뱸������ ������ �λ굿 113 ����SK��������,N,7,10,1,0,0,0,17,1,0,Ȩ�÷���������,053-760-8000,09:00~24:00,2018-09,35.8387100,128.6230423,2019-09-10
"����ȭ���",�뱸�̼���(���õ�),"�뱸������ ������ �̼����� 40, (�����)",�뱸������ ������ ����� 374,N,8,11,2,0,2,0,18,2,4,�뱸�̼���(���õ�),053-790-3000,09:00~18:00,2018-03,35.8276258,128.6739499,2019-09-10
"����ȭ���",��ȱ��ʵ��б�,"�뱸������ ������ ��ȷ�16�� 58, (�λ굿)",�뱸������ ������ �λ굿 28-2,N,28,45,8,0,4,0,72,4,2,��ȱ��ʵ��б�,053-232-5520,09:00~18:00,2018-08,35.8389175,128.6184115,2019-09-10
"����ȭ���",������û�ҳ���ÿ�,"�뱸������ ������ ����� 409, (������)",�뱸������ ������ ������ 1118-1,N,2,1,1,1,0,0,8,2,0,������û�ҳ���ÿ�,053-784-1318,09:00~18:00,2018-02,35.79910877,128.6723703,2019-09-10
"����ȭ���",�����йи���ũ,"�뱸������ ������ ������ 88-46, (���)",�뱸������ ������ ��� 20-1,N,5,0,3,3,0,2,10,3,0,�����йи���ũ,053-666-2835,24�ð�,2018-04,35.8712637,128.6730504,2019-09-10
"����ȭ���",������119��������,"�뱸������ ������ ������ 139, (���̵�)",�뱸������ ������ ���̵� 678-81,N,2,1,0,0,0,0,1,0,0,������119��������,053-741-0119,09:00~18:00,1991-05,35.8706983,128.6481530,2019-09-10
"����ȭ���",�������,"�뱸������ ������ �ޱ������ 2451, (���)",�뱸������ ������ ��� 405-16,N,15,11,6,0,1,0,36,6,1,�������,053-668-1600,09:00~18:00,2018-04,35.85937259,128.6306729,2019-09-10
"����ȭ���",����������,"�뱸������ ������ ������ 111, (���̵�)",�뱸������ ������ ���̵� 977-11,N,2,4,1,1,0,0,2,1,0,����������,053-600-6305,24�ð�,1995-11,35.8683077,128.6488597,2019-09-10
"����ȭ���",����1��ġ�ȼ���,"�뱸������ ������ ������ 196, (���̵�)",�뱸������ ������ ���̵� 370-6,N,2,4,1,1,0,0,1,1,0,����������,053-600-6304,09:00~18:00,2018-09,35.87504366,128.6464454,2019-09-10
"����ȭ���",�������忪,"�뱸������ ������ ����� 420, (������2��)",�뱸������ ������ ������2�� 59-1,N,2,2,1,1,0,0,5,1,1,�뱸����ö������,053-640-7581,05:30~24:00,2018-04,35.85426618,128.6160181,2019-09-10
"����ȭ���",�������ο�忪,"�뱸������ ������ ���뱸�� 248, (���)",�뱸������ ������ ��� 690,N,2,2,1,1,0,0,5,1,1,�뱸����ö������,053-640-7581,05:30~24:00,2018-04,35.85244227,128.625348,2019-09-10
"����ȭ���",���ȸ����,"�뱸������ ������ ���뱸�� 166, (Ȳ�ݵ�)",�뱸������ ������ Ȳ�ݵ� 908,N,2,2,1,1,0,0,5,1,1,�뱸����ö������,053-640-7611,05:30~24:00,2018-04,35.84508112,128.6248363,2019-09-10
"����ȭ���",Ȳ�ݿ�,"�뱸������ ������ ���뱸�� 100, (�λ굿)",�뱸������ ������ �λ굿 968,N,2,2,1,1,0,0,5,1,1,�뱸����ö������,053-640-7611,05:30~24:00,2018-04,35.83918923,128.6242970522,2019-09-10
"����ȭ���",��������,"�뱸������ ������ ���뱸�� 14, (���굿)",�뱸������ ������ ���굿 1086,N,2,2,1,1,0,0,5,1,1,�뱸����ö������,053-640-7611,05:30~24:00,2018-04,35.8371472,128.6273862,2019-09-10
"����ȭ���",���꿪,"�뱸������ ������ ������ 100, (���굿)",�뱸������ ������ ���굿 1257-3,N,3,2,1,1,1,0,5,1,0,�뱸����ö������,053-640-7611,05:30~24:00,2018-04,35.8232445,128.6336788,2019-09-10
"����ȭ���",������,"�뱸������ ������ ������ 194, (������)",�뱸������ ������ ������ 1325,N,3,2,1,1,1,0,5,1,0,�뱸����ö������,053-640-7611,05:30~24:00,2018-04,35.8208560,128.6401100,2019-09-10
"����ȭ���",�ĵ���̵�����(�ǹ�2��),"�뱸������ ������ �ĵ��� 102, (�ĵ�)",�뱸������ ������ �ĵ� 201-19,N,1,1,0,0,0,0,1,0,0,�ĵ���̵�����(�ǹ�2��),053-668-1801,09:00~18:00,2018-07,35.81288063,128.617114,2019-09-10
"����ȭ���",������,"�뱸������ ������ ���ȷ� 83, (������)",�뱸������ ������ ������ 1287-2,N,3,2,1,1,1,0,5,1,0,�뱸����ö������,053-640-7611,05:30~24:00,2018-04,35.8182850,128.6465300,2019-09-10
"����ȭ���",��굵����,"�뱸������ ������ �ޱ������650�� 6, (�Ÿŵ�)",�뱸������ ������ �Ÿŵ� 571-1,N,6,8,1,1,1,1,14,1,0,��굵����,053-668-1900,09:00~18:00,2018-12,35.8378178,128.7106321,2019-09-10
"����ȭ���",���ǰ���Ȱ��������,"�뱸������ ������ ���õ�� 99, (�Ÿŵ�)",�뱸������ ������ �Ÿŵ� 170-2,N,4,8,4,0,0,0,12,4,0,���ǰ���Ȱ��������,053-666-3160,09:00~18:00,2018-01,35.83699223,128.7128266,2019-09-10
"����ȭ���",��������ü������,"�뱸������ ������ ���뱸��50�� 121-10, (���)",�뱸������ ������ ��� ��176-1,N,3,3,2,2,0,0,8,2,0,��������ü������,053-666-2192,09:00~18:00,2018-08,35.84831469,128.6304191,2019-09-10
"����ȭ���",�뱸�������＾��,"�뱸������ ������ �̼����� 88, (�����)",�뱸������ ������ ����� 302-5,N,37,36,6,8,0,0,104,6,0,�������＾��,053-790-4013,09:00~18:00,2018-12,35.82827371,128.6791246,2019-09-10
"����ȭ���",�ùλ�Ȱ����������,"�뱸������ ������ �̼����� 88, (�����)",�뱸������ ������ ����� 302-5,N,2,1,2,3,0,0,3,5,0,�������＾��,053-790-4013,09:00~18:00,2018-12,35.82827371,128.6791246,2019-09-10
"����ȭ���",â������,"�뱸������ ������ �ޱ������ 3206, (�Ÿŵ�)",�뱸������ ������ �Ÿŵ� 567-16,N,14,15,2,0,0,0,19,1,0,â������,053-793-9941,09:00~18:00,2018-08,35.8398231,128.7073502,2019-09-10
"����ȭ���",�ѱ������߻��������,"�뱸������ ������ �ޱ������ 3300, (�Ÿŵ�)",�뱸������ ������ �Ÿŵ� 10-13,N,2,2,0,0,0,0,2,0,0,�ѱ������߻��������,053-811-7009,06:00~23:00,1995-01,35.83633813,128.716717,2019-09-10
"����ȭ���",�Ÿ��ʵ��б�,"�뱸������ ������ �ޱ������650�� 26, (�Ÿŵ�)",�뱸������ ������ �Ÿŵ� 583,N,15,45,8,1,0,0,26,9,0,�Ÿ��ʵ��б�,053-232-4280,09:00~18:00,1993-10,35.8365523,128.7092701,2019-09-10
"����ȭ���",����ʵ��б�,"�뱸������ ������ �ޱ������656�� 46, (�Ÿŵ�)",�뱸������ ������ �Ÿŵ� 57-1,N,36,49,1,1,5,5,86,1,0,����ʵ��б�,053-232-5242,08:00~18:00,2018-01,35.8337544,128.7153269,2019-09-10
"����ȭ���",�������б�,"�뱸������ ������ �Ÿŷ� 66, (�Ÿŵ�)",�뱸������ ������ �Ÿŵ� 583-1,N,24,47,2,0,0,0,60,1,0,�������б�,053-790-7790,09:00~18:00,1997-12,35.83551915,128.7089283,2019-09-10
"����ȭ���",��������б�,"�뱸������ ������ �Ÿŷ� 6, (�Ÿŵ�)",�뱸������ ������ �Ÿŵ� 602-1,N,38,47,1,1,0,0,62,1,0,��������б�,053-231-4684,09:00~18:00,1999-10,35.8301023,128.7073858,2019-09-10
"����ȭ���",����ʵ��б�,"�뱸������ ������ �Ÿŷ� 20, (�Ÿŵ�)",�뱸������ ������ �Ÿŵ� 602,N,23,58,1,0,0,0,54,1,0,����ʵ��б�,053-232-4400,09:00~18:00,1995-12,35.8310850,128.7075177,2019-09-10
"����ȭ���",õ�ּ��ﺴ��,"�뱸������ ������ �ޱ������ 3190, (�Ÿŵ�)",�뱸������ ������ �Ÿŵ� 567-9,N,13,16,5,1,0,0,15,5,0,õ�ּ��ﺴ��,053-790-1000,24�ð�,2018-01,35.84022496,128.7057158,2019-09-10
"����ȭ���",�뱸���������,"�뱸������ ������ �ޱ������ 3196, (�Ÿŵ�)",�뱸������ ������ �Ÿŵ� 567-10,N,2,3,0,0,0,0,3,0,0,�뱸���������,053-804-4568,09:00~16:00,1996-08,35.84013216,128.7061689,2019-09-10
"����ȭ���",�̸�Ʈ������,"�뱸������ ������ ���� 101, (�Ÿŵ�)",�뱸������ ������ �Ÿŵ� 566-3,N,6,8,1,0,0,0,7,1,0,�̸�Ʈ������,053-718-1100,10:00~24:00,2000-08,35.8393452,128.7040625,2019-09-10
"����ȭ���",�Ʒ�������������,"�뱸������ ������ �ޱ������ 3188, (�Ÿŵ�)",�뱸������ ������ �Ÿŵ� 567,N,34,15,0,0,3,0,21,0,2,�Ʒ�������������,053-792-6000,09:00~18:00,1998-05,35.84031802,128.7052185,2019-09-10
"����ȭ���",�������б�,"�뱸������ ������ ����� 37, (�����)",�뱸������ ������ ����� 81,N,19,27,4,3,0,0,22,4,0,�������б�,053-232-8553,08:20~16:00,2018-12,35.8254155,128.7066296,2019-09-10
"����ȭ���",��������б�,"�뱸������ ������ ����� 37, (�����)",�뱸������ ������ ����� 81,N,33,86,3,0,0,0,72,2,0,��������б�,053-235-5442,09:00~18:00,2018-02,35.8254155,128.7066296,2019-09-10
"����ȭ���",�뱸�ý������κ���,"�뱸������ ������ ���Ϲ��þƵ�� 365, (�����)",�뱸������ ������ ����� 48-1,N,4,11,3,0,0,0,13,1,0,�뱸�ý������κ���,053-812-1212,24�ð�,2018-06,35.8290908,128.7105071,2019-09-10
"����ȭ���",�������,"�뱸������ ������ ���� 98, (�Ÿŵ�)",�뱸������ ������ �Ÿŵ� 567-3,N,6,8,2,0,0,0,8,2,0,�������,053-791-7667,09:00~18:00,2018-01,35.83943698,128.7048344,2019-09-10
"����ȭ���",MŸ��,"�뱸������ ������ �ޱ������ 3210, (�Ÿŵ�)",�뱸������ ������ �Ÿŵ� 567-17,N,15,16,1,0,0,0,22,1,0,MŸ��,053-793-1804,09:00~18:00,2018-07,35.83960963,128.7076586,2019-09-10
"����ȭ���",�뺯������,"�뱸������ ������ �ޱ������ 3142, (�뺯��)",�뱸������ ������ �뺯�� 4,N,1,2,0,0,0,0,2,0,0,�뺯������,053-791-5493,05:30~24:00,2018-12,35.8414339,128.7004366,2019-09-10
"����ȭ���",�뱸�ڿ����а�,"�뱸������ ������ �ޱ������ 3170, (�뺯��)",�뱸������ ������ �뺯�� 387,N,44,70,10,0,0,0,55,4,0,�뱸�ڿ����а�,053-231-8014,09:00~18:00,1979-12,35.8352656,128.7010066,2019-09-10
"����ȭ���",�뺯���б�,"�뱸������ ������ ������ 66, (�뺯��)",�뱸������ ������ �뺯�� 569,N,42,75,0,0,0,0,84,1,0,�뺯���б�,053-232-8040,09:00~18:00,2018-02,35.8382794,128.694351,2019-09-10
"����ȭ���",û���ʵ��б�,"�뱸������ ������ ���� 51, (�뺯��)",�뱸������ ������ �뺯�� 367-2,N,52,68,1,1,2,0,84,0,0,û���ʵ��б�,053-232-5166,09:00~18:00,2018-09,35.8354899,128.7034979,2019-09-10
"����ȭ���",û�����ջ�ȸ������,"�뱸������ ������ �뺯������ 49-1, (�뺯��)",�뱸������ ������ �뺯�� 161-4,N,6,7,10,0,0,0,6,5,0,û�����ջ�ȸ������,053-791-9411,08:30~20:00,2018-05,35.83761746,128.6985754,2019-09-10
"����ȭ���",�뱸��Ÿ���(�ְ����),"�뱸������ ������ ���Ϲ��þƵ�� 140, (���ﵿ)",�뱸������ ������ ���ﵿ 504,N,174,543,41,41,0,0,191,36,0,ü���ü������繫��,053-602-2042,09:00~18:00,2018-07,35.83166106,128.6873219,2019-09-10
"����ȭ���",�뱸��Ÿ���(���������),"�뱸������ ������ ���Ϲ��þƵ�� 140, (���ﵿ)",�뱸������ ������ ���ﵿ 504,N,4,9,1,0,0,0,7,1,0,�뱸��Ÿ���(���������),053-602-2042,18:00~23:00,2018-07,35.83166106,128.6873219,2019-09-10
"����ȭ���",�뱸��Ÿ���(��1������),"�뱸������ ������ ���Ϲ��þƵ�� 140, (���ﵿ)",�뱸������ ������ ���ﵿ 504,N,3,6,1,1,0,0,5,1,0,�뱸��Ÿ���(��1������),053-602-2042,24�ð�,2018-07,35.83166106,128.6873219,2019-09-10
"����ȭ���",�뱸��Ÿ���(��2������),"�뱸������ ������ ���Ϲ��þƵ�� 140, (���ﵿ)",�뱸������ ������ ���ﵿ 504,N,3,6,1,1,0,0,5,1,0,�뱸��Ÿ���(��2������),053-602-2042,24�ð�,2018-07,35.83166106,128.6873219,2019-09-10
"����ȭ���",�뱸��Ÿ���(���վȳ���),"�뱸������ ������ ���Ϲ��þƵ�� 140, (���ﵿ)",�뱸������ ������ ���ﵿ 504,N,3,6,1,1,0,0,5,1,0,�뱸���˵��(���վȳ���),053-602-2042,24�ð�,2018-07,35.83166106,128.6873219,2019-09-10
"����ȭ���",�뱸��Ÿ���(�߿ܰ�����,"�뱸������ ������ ���Ϲ��þƵ�� 140, (���ﵿ)",�뱸������ ������ ���ﵿ 504,N,3,6,1,1,0,0,5,1,0,�뱸��Ÿ���(�߿ܰ�����,053-602-2042,24�ð�,2018-07,35.83166106,128.6873219,2019-09-10
"����ȭ���",�뱸��Ÿ���(�����ǹ�),"�뱸������ ������ ���Ϲ��þƵ�� 140, (���ﵿ)",�뱸������ ������ ���ﵿ 504,N,12,13,1,2,0,0,11,1,0,�뱸��Ÿ���(�����ǹ�),053-602-2042,24�ð�,2018-07,35.83166106,128.6873219,2019-09-10
"����ȭ���",�뱸��Ÿ��� ����ȭ���(1),"�뱸������ ������ ���Ϲ��þƵ�� 140, (���ﵿ)",�뱸������ ������ ���ﵿ 504,N,1,1,1,0,0,0,1,0,0,�뱸��Ÿ��� ����ȭ���(1),053-602-2042,24�ð�,2018-01,35.83166106,128.6873219,2019-09-10
"����ȭ���",�뱸��Ÿ��� ����ȭ���(2),"�뱸������ ������ ���Ϲ��þƵ�� 140, (���ﵿ)",�뱸������ ������ ���ﵿ 504,N,1,2,0,0,0,0,2,0,0,�뱸��Ÿ��� ����ȭ���(2),053-602-2042,24�ð�,2018-01,35.83166106,128.6873219,2019-09-10
"����ȭ���",�뱸��Ÿ��� ����ȭ���(3),"�뱸������ ������ ���Ϲ��þƵ�� 140, (���ﵿ)",�뱸������ ������ ���ﵿ 504,N,1,1,0,0,0,0,1,0,0,�뱸��Ÿ��� ����ȭ���(3),053-602-2042,24�ð�,2018-01,35.83166106,128.6873219,2019-09-10
"����ȭ���",ȭ��������,"�뱸������ ������ �ޱ������ 3063, (������)",�뱸������ ������ ������ 170-5,Y,2,2,0,0,0,0,0,0,0,ȭ��������,053-791-8900,06:00~24:00,1992-10,35.84335144,128.6920084,2019-09-10
"����ȭ���",�뺯�ʵ��б�,"�뱸������ ������ �뺯������ 52, (������)",�뱸������ ������ ������ 497,N,26,66,2,1,0,0,48,1,0,�뺯�ʵ��б�,053-232-4540,09:00~17:00,1996-09,35.8376255,128.6975583,2019-09-10
"����ȭ���",����ʵ��б�,"�뱸������ ������ �ޱ������ 3067, (������)",�뱸������ ������ ������ 161-1,N,28,88,6,0,0,0,56,3,0,����ʵ��б�,053-790-9000,09:00~18:00,1977-01,35.8443168,128.6931514,2019-09-10
"����ȭ���",������б�,"�뱸������ ������ õ���� 71, (������)",�뱸������ ������ ������ 62,N,35,59,4,4,0,0,55,0,0,������б�,053-232-7500,08:00~18:00,2018-04,35.84528653,128.6989991,2019-09-10
"����ȭ���",��Ƽ����������,"�뱸������ ������ �ޱ������ 3119, (������)",�뱸������ ������ ������ 266-8,N,3,0,2,2,0,0,7,0,0,��Ƽ����������,053-790-9488,09:00~18:00,2018-03,35.84283694,128.6983333,2019-09-10
"����ȭ���",��ȣ������,"�뱸������ ������ �ޱ������ 2858, (��ȣ��)",�뱸������ ������ ��ȣ�� 73,N,1,1,0,0,0,0,1,0,0,��ȣ������,053-791-9211,06:00~23:00,1995-10,35.84656129,128.6711662,2019-09-10
"����ȭ���",��������������,"�뱸������ ������ �ޱ������ 2938, (��ȣ��)",�뱸������ ������ ��ȣ�� 170-2,N,1,1,0,0,0,0,1,0,0,��������������,053-247-0051,06:00~23:00,1995-12,35.84288702,128.6786184,2019-09-10
"����ȭ���",�׸�������,"�뱸������ ������ �ޱ������ 2899, (��ȣ��)",�뱸������ ������ ��ȣ�� 154-94,N,3,1,0,0,0,0,0,0,0,�׸�������,053-792-0891,06:00~23:00,1996-02,35.8451847,128.6755495,2019-09-10
"����ȭ���",��ȣ����Ʈ����,"�뱸������ ������ �ޱ������569�� 10, (��ȣ��)",�뱸������ ������ ��ȣ�� 24,N,1,0,0,0,0,0,1,0,0,��ȣ����Ʈ����,053-666-2183,09:00~18:00,2000-01,35.8475023,128.6721262,2019-09-10
"����ȭ���",�뱸��ȣ�ʵ��б�,"�뱸������ ������ �ޱ������647�� 30, (��ȣ��)",�뱸������ ������ ��ȣ�� 611-1,N,24,78,3,1,0,0,57,5,0,�뱸��ȣ�ʵ��б�,053-790-1906,08:30~16:30,1997-02,35.84150307,128.7124594,2019-09-10
"����ȭ���",��ȣ���б�,"�뱸������ ������ õ���� 106, (��ȣ��)",�뱸������ ������ ��ȣ�� 1332,N,23,39,4,0,0,0,36,0,0,��ȣ���б�,053-232-7391,09:00~18:00,1992-05,35.8439206,128.7022833,2019-09-10
"����ȭ���",�����ʵ��б�,"�뱸������ ������ �ޱ������631�� 17, (��ȣ��)",�뱸������ ������ ��ȣ�� 1332-1,N,25,61,5,5,1,2,59,6,2,�����ʵ��б�,053-232-4312,06:00~19:00,1994-10,35.8437252,128.7035031,2019-09-10
"����ȭ���",�ŵ��ʵ��б�,"�뱸������ ������ õ����31�� 16, (��ȣ��)",�뱸������ ������ ��ȣ�� 1010,N,26,34,1,1,0,0,62,1,0,�ŵ��ʵ��б�,053-232-5370,08:30-16:00,2018-01,35.84503672,128.7092123,2019-09-10
"����ȭ���",����������,"�뱸������ ������ �ޱ������ 3322, (�Ÿŵ�)",�뱸������ ������ �Ÿŵ� 10-40,N,1,2,0,0,0,0,1,0,0,����������,053-814-0088,06:00~23:00,1983-11,35.8359349,128.7190634,2019-09-10
"����ȭ���",����365�� ����������,"�뱸������ ������ �ޱ������ 3299, (�����)",�뱸������ ������ ����� 411-5,Y,1,2,0,0,0,0,0,0,0,����365�� ����������,053-793-9335,24�ð�,1995-03,35.83711236,128.7168679,2019-09-10
"����ȭ���",�ΰ�������,"�뱸������ ������ �ޱ������ 3297, (�����)",�뱸������ ������ ����� 409-1,N,1,2,0,0,0,0,1,0,0,�ΰ�������,053-815-9040,24�ð�,1994-08,35.8372221,128.7166032,2019-09-10
"����ȭ���",���������,"�뱸������ ������ �ޱ������ 3219, (�Ÿŵ�)",�뱸������ ������ �Ÿŵ� 365-1,N,2,2,0,0,0,0,1,0,0,���������,053-792-0612,24�ð�,1994-05,35.8399727,128.7087633,2019-09-10
"����ȭ���",����������,"�뱸������ ������ û���� 94, (�λ굿)",�뱸������ ������ �λ굿 8,N,1,1,0,0,0,0,0,0,0,����������,053-768-8383,06:00~23:00,1994-06,35.8399181,128.6184303,2019-09-10
"����ȭ���",ū����������,"�뱸������ ������ ������ 50, (�λ굿)",�뱸������ ������ �λ굿 740-9,N,2,2,0,0,0,0,1,0,0,ū����������,053-783-6886,06:00~23:00,1994-12,35.82607536,128.6259486,2019-09-10
"����ȭ���",�λ�������,"�뱸������ ������ ������ 43-5, (�λ굿)",�뱸������ ������ �λ굿 739-7,N,1,2,0,0,0,0,1,0,0,�λ�������,053-782-5180,06:00~23:00,1988-08,35.82691067,128.6265086,2019-09-10
"����ȭ���",�ұ��ѹ溴��,"�뱸������ ������ ���з�25�� 6, (�λ굿)",�뱸������ ������ �λ굿 745-6,N,6,10,0,0,0,0,12,0,0,�ұ��ѹ溴��,053-780-1010,09:00~18:00,1996-08,35.82399337,128.6242057,2019-09-10
"����ȭ���",�ߴ뱸���TBC,"�뱸������ ������ ���뱸�� 23, (�λ굿)",�뱸������ ������ �λ굿 201-9,N,27,27,1,1,0,0,17,1,0,�ߴ뱸���TBC,053-760-1893,07:50~18:30,1994-06,35.83230375,128.6224447,2019-09-10
"����ȭ���",���뱸����������,"�뱸������ ������ ��ä����� 913, (���̵�)",�뱸������ ������ ���̵� 416-8,N,2,2,1,0,0,0,2,1,0,���뱸����������,053-756-0401,24�ð�,2018-04,35.8671004,128.6304905,2019-09-10
"����ȭ���",��Ʈ���ȷ���������,"�뱸������ ������ ȭ���� 20, (���̵�)",�뱸������ ������ ���̵� 414-18,N,1,1,0,0,0,0,1,0,0,��Ʈ���ȷ���������,053-754-1001,06:00~24:00,2018-10,35.86819261,128.6314184,2019-09-10
"����ȭ���",�ﱸ����(��)����������,"�뱸������ ������ ȭ���� 170, (���̵�)",�뱸������ ������ ���̵� 1331-13,N,2,2,0,0,0,0,2,0,0,�ﱸ����(��)����������,053-743-3514,06:00~23:00,1997-01,35.8757781,128.6444557,2019-09-10
"����ȭ���",������������,"�뱸������ ������ ������ 181, (���̵�)",�뱸������ ������ ���̵� 617-14,N,2,2,0,0,0,0,2,0,0,������������,053-754-5915,05:00~24:00,1994-07,35.8740809,128.6461386,2019-09-10
"����ȭ���",��ϱ������߾�2������,"�뱸������ ������ ȭ���� 138, (���̵�)",�뱸������ ������ ���̵� 1330-4,N,3,0,0,0,0,0,2,0,0,��ϱ������߾�2������,053-745-0049,06:00~23:00,1996-04,35.87410505,128.6416426,2019-09-10
"����ȭ���",�뱸�������б�,"�뱸������ ������ ȭ����32�� 74, (���̵�)",�뱸������ ������ ���̵� 645-1,N,31,36,4,4,0,0,53,4,0,�뱸�������б�,053-232-7065,09:00~18:00,1980-12,35.87251398,128.6443175,2019-09-10
"����ȭ���",�߾��ʵ��б�,"�뱸������ ������ ���̷� 125, (���̵�)",�뱸������ ������ ���̵� 1425,N,34,51,4,0,0,0,50,1,0,�߾��ʵ��б�,053-232-4905,09:00~18:00,2018-02,35.8697393,128.6404181,2019-09-10
"����ȭ���",��������б�,"�뱸������ ������ ȿ��� 17, (���̵�)",�뱸������ ������ ���̵� 80-4,N,27,48,4,0,0,0,52,1,0,��������б�,053-231-6200,09:00~18:00,2018-02,35.8771932,128.6509745,2019-09-10
"����ȭ���",�������б�,"�뱸������ ������ ȿ���2�� 81, (���̵�)",�뱸������ ������ ���̵� 254,N,17,27,0,0,0,0,33,1,0,�������б�,053-954-3855,09:00~19:00,1984-12,35.8753021,128.6513212,2019-09-10
"����ȭ���",�����ʵ��б�,"�뱸������ ������ ȿ���2�� 111, (���̵�)",�뱸������ ������ ���̵� 262,N,17,23,2,0,0,0,27,1,0,�����ʵ��б�,053-957-0523,09:00~18:00,1983-05,35.87485823,128.6521182,2019-09-10
"����ȭ���",���̽���,"�뱸������ ������ ������29�� 24, (���̵�)",�뱸������ ������ ���̵� 640-1,N,2,2,2,0,0,0,3,0,0,���̽���,053-745-7237,09:00~18:00,2000-01,35.8718270,128.6464214,2019-09-10
"����ȭ���",���������Ű����,"�뱸������ ������ ������ 241, (���̵�)",�뱸������ ������ ���̵� 57,N,6,18,3,3,0,0,11,2,0,���������Ű����,053-955-2006,24�ð�,1992-10,35.8732591,128.6577318,2019-09-10
"����ȭ���",�����ζ��ηѷ������,"�뱸������ ������ ������ 241, (���̵�)",�뱸������ ������ ���̵� 57,N,4,5,1,1,0,0,3,1,0,�����ζ��ηѷ������,053-959-9212,09:00~18:00,1992-01,35.8732591,128.6577318,2019-09-10
"����ȭ���",��������,"�뱸������ ������ ȭ���� 150, (���̵�)",�뱸������ ������ ���̵� 1331-1,N,8,8,0,0,0,0,8,0,0,��������,053-744-8804,09:00~18:00,1987-01,35.8747780,128.6425428,2019-09-10
"����ȭ���",���ϼ� ���ֺ���,"�뱸������ ������ ȭ���� 68, (���̵�)",�뱸������ ������ ���̵� 1325-60,N,14,20,0,0,0,0,14,0,0,���ϼ� ���ֺ���,053-752-0728,09:00~18:00,2018-01,35.87144748,128.6346225,2019-09-10
"����ȭ���",����޵𿩼�����,"�뱸������ ������ ȭ���� 58, (���̵�)",�뱸������ ������ ���̵� 1356-17,N,7,7,1,0,0,0,12,1,0,����޵𿩼�����,053-757-2042,09:00~18:00,2018-05,35.87081097,128.6339752,2019-09-10
"����ȭ���",������ϻ����,"�뱸������ ������ ������ 84, (���̵�)",�뱸������ ������ ���̵� 1429-9,N,7,9,1,0,0,0,9,0,0,������ϻ����,053-749-1012,09:00~18:00,2018-12,35.86663419,128.6397552,2019-09-10
"����ȭ���",����������,"�뱸������ ������ ���̷� 151, (���̵�)",�뱸������ ������ ���̵� 1417,N,14,25,2,2,1,0,14,2,0,����������,053-231-2500,07:00~22:00,1988-12,35.87213596,128.6393415,2019-09-10
"����ȭ���",û���������,"�뱸������ ������ ȭ���� 222, (���̵�)",�뱸������ ������ ���̵� 132-3,N,1,3,0,0,0,0,1,0,0,û���������,053-941-4422,06:00~23:00,1995-03,35.87784868,128.6494252,2019-09-10
"����ȭ���",�̸�Ʈ������,"�뱸������ ������ ������ 136, (���̵�)",�뱸������ ������ ���̵� 1356-5,N,17,24,1,0,0,0,34,1,6,�̸�Ʈ������,053-602-1234,09:00~18:00,2018-02,35.8711227,128.6372145,2019-09-10
"����ȭ���",��Ƽ������,"�뱸������ ������ �ޱ������ 2689, (���̵�)",�뱸������ ������ ���̵� 754-4,N,1,2,0,0,0,0,1,0,0,��Ƽ������,053-745-5189,06:00~23:00,2018-04,35.85445322,128.6556399,2019-09-10
"����ȭ���",����������,"�뱸������ ������ ������ 73, (���̵�)",�뱸������ ������ ���̵� 994-40,N,1,2,0,0,0,0,1,0,0,����������,053-742-9666,06:00~23:00,1995-01,35.86506974,128.6492012,2019-09-10
"����ȭ���",�����ʵ��б�,"�뱸������ ������ ��ä�����214�� 33, (���̵�)",�뱸������ ������ ���̵� 980,N,12,23,3,0,0,0,25,1,0,�����ʵ��б�,053-232-2010,09:00~18:00,1979-04,35.8671161,128.6480386,2019-09-10
"����ȭ���",�����ʵ��б�,"�뱸������ ������ ��ä����� 1000, (���̵�)",�뱸������ ������ ���̵� 934,N,15,39,3,3,0,0,22,0,0,�����ʵ��б�,053-232-2188,08:30~16:30,1979-09,35.8652762,128.6400323,2019-09-10
"����ȭ���",û������,"�뱸������ ������ ���̷� 66, (���̵�)",�뱸������ ������ ���̵� 984-1,N,4,4,0,0,0,0,4,0,0,û������,053-759-0409,09:00~18:00,1979-12,35.8650081,128.6443364,2019-09-10
"����ȭ���",��������,"�뱸������ ������ �ޱ������ 2619, (���̵�)",�뱸������ ������ ���̵� 927-3,N,14,20,0,0,0,0,14,0,0,��������,053-759-1151,09:00~18:00,2018-09,35.85786904,128.6489408,2019-09-10
"����ȭ���",������Ʈ�κ���,"�뱸������ ������ ������ 5, (���̵�)",�뱸������ ������ ���̵� 1037-9,N,13,12,5,0,0,0,11,4,0,������Ʈ�κ���,053-740-7100,24�ð�,2018-07,35.8594036,128.6460191,2019-09-10
"����ȭ���",�������Ȱ����,"�뱸������ ������ ������ 85, (���̵�)",�뱸������ ������ ���̵� 978-10,N,1,2,3,0,0,0,3,1,0,�������Ȱ����,053-759-0770,09:00~18:00,2018-12,35.8660048,128.6492063,2019-09-10
"����ȭ���",��������������,"�뱸������ ������ �ޱ������ 2650, 7ȣ (���̵�)",�뱸������ ������ ���̵� 854-4 7ȣ,N,2,2,0,0,0,0,0,0,0,��������������,053-751-5151,06:00~23:00,1997-05,35.85565652,128.6513917,2019-09-10
"����ȭ���",�ѱ������� ����������,"�뱸������ ������ �ޱ������ 2626, (���̵�)",�뱸������ ������ ���̵� 853,N,1,2,0,0,0,0,1,0,0,�ѱ������� ����������,053-754-4451,24�ð�,1996-12,35.8567637,128.6495342,2019-09-10
"����ȭ���",�������б�,"�뱸������ ������ �ޱ������ 2700, (���̵�)",�뱸������ ������ ���̵� ��241,N,85,140,5,3,0,0,4,0,0,�������б�,053-235-4303,09:00~18:00,1988-12,35.8522319,128.6559927,2019-09-10
"����ȭ���",������б�,"�뱸������ ������ �ޱ������ 2700, (���̵�)",�뱸������ ������ ���̵� ��241,N,29,52,6,0,0,0,0,2,0,������б�,053-232-8380,09:00~18:00,1988-12,35.8522319,128.6559927,2019-09-10
"����ȭ���",��������б�,"�뱸������ ������ �ޱ������522�� 78, (���̵�)",�뱸������ ������ ���̵� 1070,N,33,49,1,0,0,0,2,0,0,��������б�,053-235-5182,08:00~18:00,1990-08,35.8540405,128.6449075,2019-09-10
"����ȭ���",�뱸��ȭ���ڰ���б�,"�뱸������ ������ ���з�12�� 62, (���̵�)",�뱸������ ������ ���̵� 1256-26,N,14,28,1,1,0,0,107,0,0,�뱸��ȭ���ڰ���б�,053-749-1213,07:00~23:00,1984-10,35.8501897,128.6484898,2019-09-10
"����ȭ���",��û�ʵ��б�,"�뱸������ ������ ���з�12�� 42, (���̵�)",�뱸������ ������ ���̵� 873,N,30,51,5,1,0,0,49,0,0,��û�ʵ��б�,053-232-3506,09:00~18:00,1988-04,35.8512558,128.6505211,2019-09-10
"����ȭ���",�������ս���,"�뱸������ ������ ���з�2�� 23, (���̵�)",�뱸������ ������ ���̵� 858,N,3,3,0,0,0,0,0,0,0,�������ս���,053-751-9818,09:00~18:00,1986-07,35.8548536,128.651529,2019-09-10
"����ȭ���",�������б�,"�뱸������ ������ �ޱ������522�� 78, (���̵�)",�뱸������ ������ ���̵� 1070,N,39,51,1,1,0,0,5,1,0,�������б�,053-232-8710,09:00~18:00,1990-10,35.8540405,128.6449075,2019-09-10
"����ȭ���",������������б�,"�뱸������ ������ ���з� 96, (���̵�)",�뱸������ ������ ���̵� 1160-3,N,50,91,1,1,0,0,42,0,0,������������б�,053-235-8605,09:00~18:00,1988-01,35.8485052,128.6478152,2019-09-10
"����ȭ���",�Ҽ��������б�,"�뱸������ ������ ���з�8�� 37, (���̵�)",�뱸������ ������ ���̵� 862-17,N,21,39,2,2,0,0,44,2,0,�Ҽ��������б�,053-232-9501,24�ð�,2018-03,35.8528145,128.6498054,2019-09-10
"����ȭ���",SK����������,"�뱸������ ������ ������ 199, (������)",�뱸������ ������ ������ 1275-7,N,1,1,0,0,0,0,1,0,0,SK����������,053-781-5611,06:00~23:00,1992-11,35.8205847,128.6411430,2019-09-10
"����ȭ���",�뱸�������б�,"�뱸������ ������ ������41�� 23, (������)",�뱸������ ������ ������ 1279-2,N,17,35,1,1,0,0,44,0,0,�뱸�������б�,053-232-7860,08:20~16:20,1998-03,35.82112689,128.6447011,2019-09-10
"����ȭ���",�����ʵ��б�,"�뱸������ ������ ������41�� 33, (������)",�뱸������ ������ ������ 1279-1,N,25,45,12,1,0,0,51,12,0,�����ʵ��б�,053-232-4049,09:00~18:00,1992-10,35.8217026,128.6451405,2019-09-10
"����ȭ���",�����ʵ��б�,"�뱸������ ������ ���ȷ�20�� 8, (������)",�뱸������ ������ ������ 1293,N,12,27,4,4,2,2,39,3,2,�����ʵ��б�,053-232-4796,08:30~16:30,1992-12,35.81762519,128.647218,2019-09-10
"����ȭ���",���ƹ�ȭ��������,"�뱸������ ������ ������ 191, (������)",�뱸������ ������ ������ 1273,N,18,30,1,0,0,0,53,1,1,���ƹ�ȭ��������,053-780-2212,09:30~22:00,1995-01,35.8211238,128.6404645,2019-09-10
"����ȭ���",�������պ�����,"�뱸������ ������ ���ȷ� 81, (������, ��������4����)",�뱸������ ������ ������ 1287 ��������4����,N,0,0,4,0,0,0,0,0,0,�������պ�����,053-781-2000,09:00~18:00,1992-07,35.8192089,128.6471189,2019-09-10
"����ȭ���",�������б�,"�뱸������ ������ ���ȷ�4�� 46, (������)",�뱸������ ������ ������ 1366,N,21,52,1,1,0,0,43,0,0,�������б�,053-782-8434,09:00~18:00,1998-11,35.8149608,128.6399071,2019-09-10
"����ȭ���",�뱸�����ʵ��б�,"�뱸������ ������ ���ȷ�4�� 22, (������)",�뱸������ ������ ������ 1364,N,42,94,1,1,0,0,57,1,0,�뱸�����ʵ��б�,053-232-4173,09:00~18:00,1993-12,35.8161502,128.6392870,2019-09-10
"����ȭ���",�������б�,"�뱸������ ������ �ޱ������528�� 15, (���̵�)",�뱸������ ������ ���̵� ��395,N,131,202,11,0,0,0,245,11,0,�������б�,053-749-7411,08:00~24:00,1999-03,35.8540385,128.6481314,2019-09-10
"����ȭ���",û����������,"�뱸������ ������ ������ 188, (������)",�뱸������ ������ ������ 1334,N,10,15,0,0,0,0,10,0,0,û����������,053-782-3239,06:00~19:00,1996-02,35.82080311,128.6395193,2019-09-10
"����ȭ���",��������,"�뱸������ ������ ������ 192, (������)",�뱸������ ������ ������ 1334-2,N,15,16,1,1,0,0,16,1,0,�ߵ�������,053-781-8993,05:00~24:00,1993-12,35.82052111,128.6400039,2019-09-10
"����ȭ���",���ο��,,�뱸������ ������ ��� 356,N,4,15,2,0,0,0,7,1,0,���ο��,053-742-9885,09:00~18:00,1992-06,35.85025577,128.6298035,2019-09-10
"����ȭ���",���������,"�뱸������ ������ ���뱸�� 255, (���)",�뱸������ ������ ��� 775-64,N,3,4,0,0,0,0,1,0,0,���������,053-763-6022,24�ð�,1982-08,35.8532855,128.6247251,2019-09-10
"����ȭ���",�����ʵ��б�,"�뱸������ ������ ���뱸��42�� 29, (���)",�뱸������ ������ ��� 678-3,N,17,42,5,5,1,0,28,5,1,�����ʵ��б�,053-232-2897,09:00~18:00,1981-05,35.84910235,128.6281114,2019-09-10
"����ȭ���",�����ʵ��б�,"�뱸������ ������ ���뱸��57�� 8, (���)",�뱸������ ������ ��� 784-2,N,40,70,4,4,0,0,55,1,0,�����ʵ��б�,053-232-0487,09:00~18:00,1943-04,35.8569970,128.6240228,2019-09-10
"����ȭ���",���̽�����,"�뱸������ ������ ����� 485, (���)",�뱸������ ������ ��� 776-7,N,11,17,0,0,0,0,12,0,0,���̽�����,053-795-1300,09:00~18:00,1997-03,35.85414661,128.6234572,2019-09-10
"����ȭ���",����õ���,"�뱸������ ������ ���뱸��50�� 121-17, (���)",�뱸������ ������ ��� ��173,N,1,2,0,0,0,0,1,0,0,����õ���,053-752-6904,08:00~19:00,1992-06,35.8482707,128.6296997,2019-09-10
"����ȭ���",�������,"�뱸������ ������ �ޱ������ 2388, (���)",�뱸������ ������ ��� 559-6,N,32,48,0,0,0,0,32,0,0,�������,053-754-7003,09:00~18:00,1991-11,35.8589055,128.6237711,2019-09-10
"����ȭ���",�Ｚ����,"�뱸������ ������ �ޱ������ 2424, (���)",�뱸������ ������ ��� 190-5,N,46,47,0,0,0,0,31,0,0,�Ｚ����,053-1588-3305,09:00~18:00,1994-12,35.85835267,128.6275093,2019-09-10
"����ȭ���",�������Ǻ���,"�뱸������ ������ �ޱ������ 2418, (���)",�뱸������ ������ ��� 190-2,N,15,24,1,0,0,0,15,1,0,�������Ǵ뱸WMC,053-756-9925,07:00~20:00,1998-12,35.85827376,128.6271271,2019-09-10
"����ȭ���",�뱸���ڰ���б�,"�뱸������ ������ �ޱ������488�� 17, (���)",�뱸������ ������ ��� 238-41,N,8,9,0,1,0,0,120,4,0,�뱸���ڰ���б�,053-231-7251,08:20~16:20,1980-08,35.8562356,128.6302210,2019-09-10
"����ȭ���",ȿ�꺴��,"�뱸������ ������ ���뱸�� 245, (���)",�뱸������ ������ ��� 774-60,N,10,12,1,0,0,0,8,3,0,ȿ���纴��,053-766-2114,24�ð�,1998-02,35.85222018,128.6246770,2019-09-10
"����ȭ���",�����޵���ũ����,"�뱸������ ������ ���뱸�� 271, (���)",�뱸������ ������ ��� 595-27,N,5,5,2,0,1,0,11,0,0,�����޵���ũ����,053-740-7700,24�ð�,2018-10,35.8546625,128.6248126,2019-09-10
"����ȭ���",�������������,"�뱸������ ������ ��ä����� 964, (���)",�뱸������ ������ ��� 428-4,Y,2,2,0,0,0,0,0,0,0,�������������,053-741-3059,06:00~24:00,1995-04,35.8669603,128.6360594,2019-09-10
"����ȭ���",�����ʵ��б�,"�뱸������ ������ �ޱ������489�� 55, (���)",�뱸������ ������ ��� 154,N,12,15,6,0,1,0,13,1,1,�����ʵ��б�,053-232-1783,09:00~18:00,1971-12,35.8606616,128.6331990,2019-09-10
"����ȭ���",���������ս���,"�뱸������ ������ ��ä�����192�� 20, (���, ������)",�뱸������ ������ ��� 432-1 ������,N,4,4,0,0,0,0,6,0,0,���������ս���,,09:00~18:00,1982-01,35.8663397,128.6352816,2019-09-10
"����ȭ���",���̺���,"�뱸������ ������ ���뱸�� 348-15, (���)",�뱸������ ������ ��� 175-8,N,7,14,0,0,0,0,13,0,0,���̺���,053-755-1111,09:00~18:00,2018-07,35.86163581,128.6288068,2019-09-10
"����ȭ���",���Ϻ���,"�뱸������ ������ �ޱ������ 2503, (���)",�뱸������ ������ ��� 223-5,N,11,19,0,0,0,0,11,0,0,���Ϻ���,053-756-1201,09:00~20:00,1994-08,35.85925127,128.6366003,2019-09-10
"����ȭ���",ŷ�����ǽ���,"�뱸������ ������ ���뱸�� 386, (���)",�뱸������ ������ ��� 45-5,N,34,49,0,0,0,0,48,0,0,ŷ�����ǽ���,053-745-6361,24�ð�,1991-07,35.8649121,128.6275387,2019-09-10
"����ȭ���",����Ÿ��,"�뱸������ ������ ���뱸�� 390, (���)",�뱸������ ������ ��� 45-29,N,12,36,0,0,0,0,24,0,0,������ǽ���,053-742-3377,09:00~18:00,1992-06,35.86514871,128.6275158,2019-09-10
"����ȭ���",������������,"�뱸������ ������ ���뱸�� 348-17, (���)",�뱸������ ������ ��� 175-4,N,12,11,0,0,0,0,8,0,0,������������,053-744-0191,08:30~18:30,1995-12,35.86165285,128.6289748,2019-09-10
"����ȭ���",����������ȸ��,"�뱸������ ������ ���뱸�� 334, (���)",�뱸������ ������ ��� 177-4,N,34,64,1,0,0,0,32,0,0,����������ȸ��,053-753-9484,05:00~23:00,1997-01,35.86003987,128.6271794,2019-09-10
"����ȭ���",��������,"�뱸������ ������ ���뱸�� 358-6, (���)",�뱸������ ������ ��� 174-1,N,12,18,0,0,0,0,12,0,0,��������,053-752-3333,09:00~18:00,1993-11,35.8620576,128.6279098,2019-09-10
"����ȭ���",�뱸��������,"�뱸������ ������ �ޱ������ 2461, (���)",�뱸������ ������ ��� 165-4,N,28,29,1,0,0,0,28,1,0,�뱸������,053-253-6655,09:00~19:00,2018-02,35.8592164,128.6319143,2019-09-10
"����ȭ���",�������,"�뱸������ ������ ���뱸�� 330, (���)",�뱸������ ������ ��� 177-10,N,12,20,1,1,0,0,12,1,0,�߻��,053-744-4314,06:00~24:00,1991-12,35.85972355,128.627343,2019-09-10
"����ȭ���",���뱸����,"�뱸������ ������ �ޱ������ 2487, (���)",�뱸������ ������ ��� 170-1,N,10,15,0,0,0,0,15,0,0,���뱸����,053-756-0091,09:00~18:00,1993-09,35.85924346,128.6346468,2019-09-10
"����ȭ���",�뱸��ȭ���M.B.C,"�뱸������ ������ ���뱸�� 400, (���)",�뱸������ ������ ��� 1,N,48,64,0,0,0,0,51,0,0,�뱸��ȭ���M.B.C,053-744-5001,09:00~18:00,2018-11,35.8661503,128.6288002,2019-09-10
"����ȭ���",�������,"�뱸������ ������ �ޱ������ 2426, (���)",�뱸������ ������ ��� 189-1,N,10,10,0,0,0,0,10,0,0,�������,053-744-5194,09:00~18:00,1983-12,35.85846804,128.6278535,2019-09-10
"����ȭ���",����������,"�뱸������ ������ �ޱ������ 2457, (���)",�뱸������ ������ ��� 165-17,N,1,1,0,0,0,0,1,0,0,����������,053-752-4071,06:00~24:00,1993-04,35.8595067,128.6315623,2019-09-10
"����ȭ���",�ۿ�������ȭ��ܼۿ��п�,"�뱸������ ������ �ޱ������ 2521, (���)",�뱸������ ������ ��� 221-6,N,24,47,0,0,0,0,28,0,0,�ۿ�������ȭ��ܼۿ��п�,053-753-1000,09:00~18:00,2018-06,35.85920445,128.6386361,2019-09-10
"����ȭ���",��õ�ʵ��б�,"�뱸������ ������ ��Ϸ�16�� 20, (���)",�뱸������ ������ ��� 9,N,16,32,3,0,4,0,32,0,4,��õ�ʵ��б�,053-232-1493,08:30~16:30,1967-05,35.8654870,128.6256824,2019-09-10
"����ȭ���",û��ſ���������,"�뱸������ ������ ��ȷ� 416, (���)",�뱸������ ������ ��� 1130,N,4,4,0,0,0,0,4,0,0,û��ſ���������,053-743-9532,08:00~19:00,2018-10,35.8671007,128.6186087,2019-09-10
"����ȭ���",���͸�����,"�뱸������ ������ ��Ϸ�2�� 77, (���)",�뱸������ ������ ��� 29-1,N,3,2,0,0,0,0,3,0,0,���͸�����,,09:00~18:00,1972-01,35.86274588,128.6250638,2019-09-10
"����ȭ���",�Ｚȭ��߹�����,"�뱸������ ������ ���뱸�� 401, (���)",�뱸������ ������ ��� 2-1,N,66,65,2,0,0,0,44,1,0,�Ｚȭ��߹�����,053-607-7581,09:00~18:00,2018-04,35.86615573,128.6262422,2019-09-10
"����ȭ���",�������,"�뱸������ ������ ���뱸�� 355, (���)",�뱸������ ������ ��� 33-2,N,10,10,0,0,0,0,10,0,0,�������,053-742-4680,09:00~18:00,1996-06,35.8623554,128.6261095,2019-09-10
"����ȭ���",KT������,"�뱸������ ������ ���뱸�� 375, (���)",�뱸������ ������ ��� 13-7,N,9,9,0,0,0,0,32,1,0,KT������,053-752-2917,09:00~18:00,1992-12,35.86390241,128.6262466,2019-09-10
"����ȭ���",�Ǽ�ȸ��,"�뱸������ ������ ��ä����� 860, (���)",�뱸������ ������ ��� 1-4,N,16,16,0,0,0,0,8,0,0,�Ǽ�ȸ��,053-755-5086,09:00~18:00,1980-12,35.86684932,128.6249622,2019-09-10
"����ȭ���",���Ϻ���,"�뱸������ ������ ���뱸�� 341, (���)",�뱸������ ������ ��� 43-8,N,21,30,1,0,0,0,19,1,0,�߹��ؼ��뱸����,053-753-0474,06:00~22:00,1994-09,35.86092932,128.6259999,2019-09-10
"����ȭ���",��������,"�뱸������ ������ ���뱸�� 351, (���)",�뱸������ ������ ��� 33-10,N,14,14,0,0,0,0,14,0,0,��������,053-214-0114,07:30~20:00,2018-09,35.86183003,128.6261195,2019-09-10
"����ȭ���",����������,"�뱸������ ������ ���뱸�� 395, (���)",�뱸������ ������ ��� 2-5,N,15,23,4,0,0,0,24,3,0,����������,053-720-7354,08:00~23:00,2018-01,35.8656274,128.6262378,2019-09-10
"����ȭ���",�������ݰ��߾�ȸ �뱸��������,"�뱸������ ������ ��ä����� 866, (���)",�뱸������ ������ ��� 1-5,N,13,13,0,0,0,0,13,0,0,�������ݰ��߾�ȸ �뱸��������,053-210-3014,08:00~18:00,1991-09,35.8668294,128.6252283,2019-09-10
"����ȭ���",����������,"�뱸������ ������ ûȣ�� 417, (���)",�뱸������ ������ ��� 97-11,N,1,1,0,0,0,0,1,0,0,����������,053-741-5152,06:00~23:00,1992-10,35.8544990,128.6390711,2019-09-10
